repo,sha,name,license,is_root
jupyterlab/jupyterlab,,jupyterlab/jupyterlab,unknown,True
jupyterlab/jupyterlab,,source-map-support,unknown,False
jupyterlab/jupyterlab,,source-map,BSD-3-Clause,False
jupyterlab/jupyterlab,,buffer-from,MIT,False
jupyterlab/jupyterlab,,@lumino/disposable,unknown,False
jupyterlab/jupyterlab,,@lumino/signaling,BSD-3-Clause,False
jupyterlab/jupyterlab,,@lumino/polling,unknown,False
jupyterlab/jupyterlab,,@lumino/coreutils,BSD-3-Clause,False
jupyterlab/jupyterlab,,@lumino/commands,unknown,False
jupyterlab/jupyterlab,,@lumino/algorithm,BSD-3-Clause,False
jupyterlab/jupyterlab,,@lumino/keyboard,BSD-3-Clause,False
jupyterlab/jupyterlab,,@lumino/domutils,BSD-3-Clause,False
jupyterlab/jupyterlab,,@lumino/virtualdom,BSD-3-Clause,False
jupyterlab/jupyterlab,,terser,unknown,False
jupyterlab/jupyterlab,,acorn,MIT,False
jupyterlab/jupyterlab,,@jridgewell/source-map,MIT,False
jupyterlab/jupyterlab,,commander,MIT,False
jupyterlab/jupyterlab,,clone-deep,unknown,False
jupyterlab/jupyterlab,,is-plain-object,MIT,False
jupyterlab/jupyterlab,,shallow-clone,MIT,False
jupyterlab/jupyterlab,,kind-of,MIT,False
jupyterlab/jupyterlab,,esrecurse,unknown,False
jupyterlab/jupyterlab,,estraverse,BSD-2-Clause,False
jupyterlab/jupyterlab,,@types/webpack-sources,unknown,False
jupyterlab/jupyterlab,,@types/source-list-map,MIT,False
jupyterlab/jupyterlab,,@types/node,MIT,False
jupyterlab/jupyterlab,,y-protocols,unknown,False
jupyterlab/jupyterlab,,lib0,MIT,False
jupyterlab/jupyterlab,,@jupyterlab/builder,unknown,False
jupyterlab/jupyterlab,,terser-webpack-plugin,MIT,False
jupyterlab/jupyterlab,,mini-svg-data-uri,MIT,False
jupyterlab/jupyterlab,,license-webpack-plugin,ISC,False
jupyterlab/jupyterlab,,@lumino/messaging,BSD-3-Clause,False
jupyterlab/jupyterlab,,source-map-loader,MIT,False
jupyterlab/jupyterlab,,@lumino/properties,BSD-3-Clause,False
jupyterlab/jupyterlab,,fs-extra,MIT,False
jupyterlab/jupyterlab,,@lumino/widgets,BSD-3-Clause,False
jupyterlab/jupyterlab,,ajv,MIT,False
jupyterlab/jupyterlab,,supports-color,MIT,False
jupyterlab/jupyterlab,,mini-css-extract-plugin,MIT,False
jupyterlab/jupyterlab,,worker-loader,MIT,False
jupyterlab/jupyterlab,,css-loader,MIT,False
jupyterlab/jupyterlab,,style-loader,MIT,False
jupyterlab/jupyterlab,,duplicate-package-checker-webpack-plugin,MIT,False
jupyterlab/jupyterlab,,@lumino/dragdrop,BSD-3-Clause,False
jupyterlab/jupyterlab,,process,MIT,False
jupyterlab/jupyterlab,,webpack-merge,MIT,False
jupyterlab/jupyterlab,,@lumino/application,BSD-3-Clause,False
jupyterlab/jupyterlab,,glob,ISC,False
jupyterlab/jupyterlab,,path-browserify,MIT,False
jupyterlab/jupyterlab,,webpack-cli,MIT,False
jupyterlab/jupyterlab,,webpack,MIT,False
jupyterlab/jupyterlab,,url-parse,unknown,False
jupyterlab/jupyterlab,,requires-port,MIT,False
jupyterlab/jupyterlab,,querystringify,MIT,False
jupyterlab/jupyterlab,,ajv-keywords,unknown,False
jupyterlab/jupyterlab,,fast-deep-equal,MIT,False
jupyterlab/jupyterlab,,@types/react,unknown,False
jupyterlab/jupyterlab,,@types/scheduler,MIT,False
jupyterlab/jupyterlab,,csstype,MIT,False
jupyterlab/jupyterlab,,@types/prop-types,MIT,False
jupyterlab/jupyterlab,,json-schema-traverse,MIT,False
jupyterlab/jupyterlab,,uri-js,BSD-2-Clause AND BSD-2-Clause-Views,False
jupyterlab/jupyterlab,,fast-json-stable-stringify,MIT,False
jupyterlab/jupyterlab,,inflight,unknown,False
jupyterlab/jupyterlab,,wrappy,ISC,False
jupyterlab/jupyterlab,,once,ISC,False
jupyterlab/jupyterlab,,schema-utils,unknown,False
jupyterlab/jupyterlab,,@types/json-schema,MIT,False
jupyterlab/jupyterlab,,ajv-formats,MIT,False
jupyterlab/jupyterlab,,has-flag,MIT,False
jupyterlab/jupyterlab,,postcss,unknown,False
jupyterlab/jupyterlab,,source-map-js,BSD-3-Clause,False
jupyterlab/jupyterlab,,picocolors,ISC,False
jupyterlab/jupyterlab,,nanoid,MIT,False
jupyterlab/jupyterlab,,jsonfile,unknown,False
jupyterlab/jupyterlab,,universalify,MIT,False
jupyterlab/jupyterlab,,graceful-fs,ISC,False
jupyterlab/jupyterlab,,shebang-command,unknown,False
jupyterlab/jupyterlab,,shebang-regex,MIT,False
jupyterlab/jupyterlab,,chrome-trace-event,MIT,False
jupyterlab/jupyterlab,,loader-runner,MIT,False
jupyterlab/jupyterlab,,webpack-sources,MIT,False
jupyterlab/jupyterlab,,events,MIT,False
jupyterlab/jupyterlab,,glob-to-regexp,BSD-2-Clause,False
jupyterlab/jupyterlab,,neo-async,MIT,False
jupyterlab/jupyterlab,,mime-types,MIT,False
jupyterlab/jupyterlab,,watchpack,MIT,False
jupyterlab/jupyterlab,,tapable,MIT,False
jupyterlab/jupyterlab,,@types/eslint-scope,MIT,False
jupyterlab/jupyterlab,,json-parse-even-better-errors,MIT,False
jupyterlab/jupyterlab,,es-module-lexer,MIT,False
jupyterlab/jupyterlab,,eslint-scope,BSD-2-Clause,False
jupyterlab/jupyterlab,,browserslist,MIT,False
jupyterlab/jupyterlab,,@webassemblyjs/wasm-parser,MIT,False
jupyterlab/jupyterlab,,@types/estree,MIT,False
jupyterlab/jupyterlab,,enhanced-resolve,MIT,False
jupyterlab/jupyterlab,,@webassemblyjs/ast,MIT,False
jupyterlab/jupyterlab,,@webassemblyjs/wasm-edit,MIT,False
jupyterlab/jupyterlab,,@jridgewell/trace-mapping,MIT,False
jupyterlab/jupyterlab,,serialize-javascript,BSD-3-Clause,False
jupyterlab/jupyterlab,,jest-worker,MIT,False
jupyterlab/jupyterlab,,typestyle,unknown,False
jupyterlab/jupyterlab,,free-style,MIT,False
jupyterlab/jupyterlab,,@webassemblyjs/helper-wasm-section,unknown,False
jupyterlab/jupyterlab,,@webassemblyjs/helper-wasm-bytecode,MIT,False
jupyterlab/jupyterlab,,@webassemblyjs/wasm-gen,MIT,False
jupyterlab/jupyterlab,,@webassemblyjs/helper-buffer,MIT,False
jupyterlab/jupyterlab,,loader-utils,unknown,False
jupyterlab/jupyterlab,,big.js,MIT,False
jupyterlab/jupyterlab,,emojis-list,MIT,False
jupyterlab/jupyterlab,,json5,MIT,False
jupyterlab/jupyterlab,,randombytes,MIT,False
jupyterlab/jupyterlab,,postcss-modules-local-by-default,unknown,False
jupyterlab/jupyterlab,,postcss-selector-parser,MIT,False
jupyterlab/jupyterlab,,icss-utils,ISC,False
jupyterlab/jupyterlab,,postcss-value-parser,MIT,False
jupyterlab/jupyterlab,,resolve-cwd,unknown,False
jupyterlab/jupyterlab,,resolve-from,MIT,False
jupyterlab/jupyterlab,,inherits,ISC,False
jupyterlab/jupyterlab,,path-is-absolute,MIT,False
jupyterlab/jupyterlab,,minimatch,ISC,False
jupyterlab/jupyterlab,,fs.realpath,ISC,False
jupyterlab/jupyterlab,,tr46,unknown,False
jupyterlab/jupyterlab,,punycode,MIT,False
jupyterlab/jupyterlab,,@jupyter/react-components,unknown,False
jupyterlab/jupyterlab,,@jupyter/web-components,BSD-3-Clause,False
jupyterlab/jupyterlab,,react,MIT,False
jupyterlab/jupyterlab,,@microsoft/fast-react-wrapper,MIT,False
jupyterlab/jupyterlab,,loose-envify,unknown,False
jupyterlab/jupyterlab,,js-tokens,MIT,False
jupyterlab/jupyterlab,,@jupyterlab/rendermime-interfaces,unknown,False
jupyterlab/jupyterlab,,fastest-levenshtein,MIT,False
jupyterlab/jupyterlab,,@webpack-cli/configtest,MIT,False
jupyterlab/jupyterlab,,@webpack-cli/serve,MIT,False
jupyterlab/jupyterlab,,colorette,MIT,False
jupyterlab/jupyterlab,,interpret,MIT,False
jupyterlab/jupyterlab,,rechoir,MIT,False
jupyterlab/jupyterlab,,@discoveryjs/json-ext,MIT,False
jupyterlab/jupyterlab,,envinfo,MIT,False
jupyterlab/jupyterlab,,@webpack-cli/info,MIT,False
jupyterlab/jupyterlab,,import-local,MIT,False
jupyterlab/jupyterlab,,cross-spawn,MIT,False
jupyterlab/jupyterlab,,@microsoft/fast-foundation,unknown,False
jupyterlab/jupyterlab,,@microsoft/fast-element,MIT,False
jupyterlab/jupyterlab,,tabbable,MIT,False
jupyterlab/jupyterlab,,@microsoft/fast-web-utilities,MIT,False
jupyterlab/jupyterlab,,tslib,0BSD,False
jupyterlab/jupyterlab,,@lumino/collections,unknown,False
jupyterlab/jupyterlab,,isomorphic.js,MIT,False
jupyterlab/jupyterlab,,@jupyterlab/apputils,unknown,False
jupyterlab/jupyterlab,,@jupyterlab/settingregistry,BSD-3-Clause,False
jupyterlab/jupyterlab,,@jupyterlab/services,BSD-3-Clause,False
jupyterlab/jupyterlab,,sanitize-html,MIT,False
jupyterlab/jupyterlab,,@jupyterlab/ui-components,BSD-3-Clause,False
jupyterlab/jupyterlab,,@jupyterlab/statedb,BSD-3-Clause,False
jupyterlab/jupyterlab,,@jupyterlab/observables,BSD-3-Clause,False
jupyterlab/jupyterlab,,@jupyterlab/statusbar,BSD-3-Clause,False
jupyterlab/jupyterlab,,@jupyterlab/translation,BSD-3-Clause,False
jupyterlab/jupyterlab,,@jupyterlab/coreutils,BSD-3-Clause,False
jupyterlab/jupyterlab,,minimist,MIT,False
jupyterlab/jupyterlab,,require-from-string,MIT,False
jupyterlab/jupyterlab,,semver,unknown,False
jupyterlab/jupyterlab,,lru-cache,ISC,False
jupyterlab/jupyterlab,,undici-types,MIT,False
jupyterlab/jupyterlab,,iconv-lite,unknown,False
jupyterlab/jupyterlab,,safer-buffer,MIT,False
jupyterlab/jupyterlab,,yallist,ISC,False
jupyterlab/jupyterlab,,safe-buffer,MIT,False
jupyterlab/jupyterlab,,whatwg-url,unknown,False
jupyterlab/jupyterlab,,webidl-conversions,BSD-2-Clause,False
jupyterlab/jupyterlab,,lodash,CC0-1.0 AND MIT,False
jupyterlab/jupyterlab,,mime-db,MIT,False
jupyterlab/jupyterlab,,@webassemblyjs/utf8,MIT,False
jupyterlab/jupyterlab,,@webassemblyjs/ieee754,MIT,False
jupyterlab/jupyterlab,,@webassemblyjs/leb128,Apache-2.0,False
jupyterlab/jupyterlab,,@webassemblyjs/helper-api-error,MIT,False
jupyterlab/jupyterlab,,@xtuc/ieee754,BSD-3-Clause,False
jupyterlab/jupyterlab,,@xtuc/long,Apache-2.0,False
jupyterlab/jupyterlab,,locate-path,unknown,False
jupyterlab/jupyterlab,,p-locate,MIT,False
jupyterlab/jupyterlab,,react-dom,unknown,False
jupyterlab/jupyterlab,,scheduler,MIT,False
jupyterlab/jupyterlab,,path-key,MIT,False
jupyterlab/jupyterlab,,which,ISC,False
jupyterlab/jupyterlab,,@rjsf/utils,Apache-2.0,False
jupyterlab/jupyterlab,,@jupyterlab/nbformat,BSD-3-Clause,False
jupyterlab/jupyterlab,,brace-expansion,MIT,False
jupyterlab/jupyterlab,,json-schema-compare,unknown,False
jupyterlab/jupyterlab,,exenv-es6,MIT,False
jupyterlab/jupyterlab,,postcss-modules-scope,ISC,False
jupyterlab/jupyterlab,,postcss-modules-values,ISC,False
jupyterlab/jupyterlab,,postcss-modules-extract-imports,ISC,False
jupyterlab/jupyterlab,,find-up,unknown,False
jupyterlab/jupyterlab,,path-exists,MIT,False
jupyterlab/jupyterlab,,node-releases,MIT,False
jupyterlab/jupyterlab,,electron-to-chromium,ISC,False
jupyterlab/jupyterlab,,update-browserslist-db,MIT,False
jupyterlab/jupyterlab,,caniuse-lite,CC-BY-4.0,False
jupyterlab/jupyterlab,,@rjsf/core,unknown,False
jupyterlab/jupyterlab,,prop-types,MIT,False
jupyterlab/jupyterlab,,lodash-es,MIT,False
jupyterlab/jupyterlab,,markdown-to-jsx,MIT,False
jupyterlab/jupyterlab,,@webassemblyjs/helper-numbers,MIT,False
jupyterlab/jupyterlab,,hasown,unknown,False
jupyterlab/jupyterlab,,function-bind,MIT,False
jupyterlab/jupyterlab,,isexe,ISC,False
jupyterlab/jupyterlab,,pkg-dir,unknown,False
jupyterlab/jupyterlab,,find-root,MIT,False
jupyterlab/jupyterlab,,chalk,MIT,False
jupyterlab/jupyterlab,,yjs,unknown,False
jupyterlab/jupyterlab,,balanced-match,MIT,False
jupyterlab/jupyterlab,,concat-map,MIT,False
jupyterlab/jupyterlab,,@types/eslint,unknown,False
jupyterlab/jupyterlab,,@microsoft/fast-colors,MIT,False
jupyterlab/jupyterlab,,@jridgewell/resolve-uri,MIT,False
jupyterlab/jupyterlab,,@jridgewell/sourcemap-codec,MIT,False
jupyterlab/jupyterlab,,@jupyter/ydoc,unknown,False
jupyterlab/jupyterlab,,rimraf,unknown,False
jupyterlab/jupyterlab,,compute-gcd,unknown,False
jupyterlab/jupyterlab,,validate.io-integer-array,MIT,False
jupyterlab/jupyterlab,,validate.io-array,MIT,False
jupyterlab/jupyterlab,,validate.io-function,MIT,False
jupyterlab/jupyterlab,,flat,BSD-3-Clause,False
jupyterlab/jupyterlab,,wildcard,MIT,False
jupyterlab/jupyterlab,,isobject,MIT,False
jupyterlab/jupyterlab,,ws,MIT,False
jupyterlab/jupyterlab,,escalade,MIT,False
jupyterlab/jupyterlab,,react-is,MIT,False
jupyterlab/jupyterlab,,jsonpointer,MIT,False
jupyterlab/jupyterlab,,json-schema-merge-allof,MIT,False
jupyterlab/jupyterlab,,resolve,unknown,False
jupyterlab/jupyterlab,,supports-preserve-symlinks-flag,MIT,False
jupyterlab/jupyterlab,,is-core-module,MIT,False
jupyterlab/jupyterlab,,path-parse,MIT,False
jupyterlab/jupyterlab,,@jridgewell/gen-mapping,unknown,False
jupyterlab/jupyterlab,,@jridgewell/set-array,MIT,False
jupyterlab/jupyterlab,,ansi-styles,unknown,False
jupyterlab/jupyterlab,,color-convert,MIT,False
jupyterlab/jupyterlab,,dom-serializer,unknown,False
jupyterlab/jupyterlab,,entities,BSD-2-Clause,False
jupyterlab/jupyterlab,,domhandler,BSD-2-Clause,False
jupyterlab/jupyterlab,,domelementtype,BSD-2-Clause,False
jupyterlab/jupyterlab,,data-urls,unknown,False
jupyterlab/jupyterlab,,whatwg-mimetype,MIT,False
jupyterlab/jupyterlab,,abab,BSD-3-Clause,False
jupyterlab/jupyterlab,,object-assign,MIT,False
jupyterlab/jupyterlab,,source-list-map,MIT,False
jupyterlab/jupyterlab,,compute-lcm,unknown,False
jupyterlab/jupyterlab,,cssesc,MIT,False
jupyterlab/jupyterlab,,util-deprecate,MIT,False
jupyterlab/jupyterlab,,@webassemblyjs/wasm-opt,unknown,False
jupyterlab/jupyterlab,,merge-stream,MIT,False
jupyterlab/jupyterlab,,htmlparser2,unknown,False
jupyterlab/jupyterlab,,domutils,BSD-2-Clause,False
jupyterlab/jupyterlab,,p-limit,unknown,False
jupyterlab/jupyterlab,,p-try,MIT,False
jupyterlab/jupyterlab,,parse-srcset,MIT,False
jupyterlab/jupyterlab,,escape-string-regexp,MIT,False
jupyterlab/jupyterlab,,deepmerge,MIT,False
jupyterlab/jupyterlab,,validate.io-integer,MIT,False
jupyterlab/jupyterlab,,@webassemblyjs/wast-printer,MIT,False
jupyterlab/jupyterlab,,validate.io-number,MIT,False
jupyterlab/jupyterlab,,color-name,MIT,False
jupyterlab/jupyterlab,,@jupyterlab/launcher,unknown,False
jupyterlab/jupyterlab,,@webassemblyjs/floating-point-hex-parser,MIT,False
jupyterlab/jupyterlab,,html-webpack-plugin,unknown,False
jupyterlab/jupyterlab,,@types/html-minifier-terser,MIT,False
jupyterlab/jupyterlab,,pretty-error,MIT,False
jupyterlab/jupyterlab,,html-minifier-terser,MIT,False
jupyterlab/jupyterlab,,@babel/plugin-transform-new-target,unknown,False
jupyterlab/jupyterlab,,@babel/helper-plugin-utils,MIT,False
jupyterlab/jupyterlab,,@tufjs/models,unknown,False
jupyterlab/jupyterlab,,@tufjs/canonical-json,MIT,False
jupyterlab/jupyterlab,,@babel/plugin-transform-modules-commonjs,unknown,False
jupyterlab/jupyterlab,,@babel/helper-module-transforms,MIT,False
jupyterlab/jupyterlab,,@babel/helper-simple-access,MIT,False
jupyterlab/jupyterlab,,@nodelib/fs.scandir,unknown,False
jupyterlab/jupyterlab,,@nodelib/fs.stat,MIT,False
jupyterlab/jupyterlab,,run-parallel,MIT,False
jupyterlab/jupyterlab,,get-stream,unknown,False
jupyterlab/jupyterlab,,pump,MIT,False
jupyterlab/jupyterlab,,cacheable-request,unknown,False
jupyterlab/jupyterlab,,lowercase-keys,MIT,False
jupyterlab/jupyterlab,,normalize-url,MIT,False
jupyterlab/jupyterlab,,clone-response,MIT,False
jupyterlab/jupyterlab,,keyv,MIT,False
jupyterlab/jupyterlab,,http-cache-semantics,BSD-2-Clause,False
jupyterlab/jupyterlab,,responselike,MIT,False
jupyterlab/jupyterlab,,express,unknown,False
jupyterlab/jupyterlab,,fresh,MIT,False
jupyterlab/jupyterlab,,escape-html,MIT,False
jupyterlab/jupyterlab,,array-flatten,MIT,False
jupyterlab/jupyterlab,,statuses,MIT,False
jupyterlab/jupyterlab,,http-errors,MIT,False
jupyterlab/jupyterlab,,content-type,MIT,False
jupyterlab/jupyterlab,,debug,MIT,False
jupyterlab/jupyterlab,,utils-merge,MIT,False
jupyterlab/jupyterlab,,proxy-addr,MIT,False
jupyterlab/jupyterlab,,setprototypeof,ISC,False
jupyterlab/jupyterlab,,depd,MIT,False
jupyterlab/jupyterlab,,range-parser,MIT,False
jupyterlab/jupyterlab,,vary,MIT,False
jupyterlab/jupyterlab,,cookie-signature,MIT,False
jupyterlab/jupyterlab,,content-disposition,MIT,False
jupyterlab/jupyterlab,,accepts,MIT,False
jupyterlab/jupyterlab,,type-is,MIT,False
jupyterlab/jupyterlab,,parseurl,MIT,False
jupyterlab/jupyterlab,,etag,MIT,False
jupyterlab/jupyterlab,,on-finished,MIT,False
jupyterlab/jupyterlab,,methods,MIT,False
jupyterlab/jupyterlab,,cookie,MIT,False
jupyterlab/jupyterlab,,finalhandler,MIT,False
jupyterlab/jupyterlab,,qs,BSD-3-Clause,False
jupyterlab/jupyterlab,,encodeurl,MIT,False
jupyterlab/jupyterlab,,merge-descriptors,MIT,False
jupyterlab/jupyterlab,,path-to-regexp,MIT,False
jupyterlab/jupyterlab,,serve-static,MIT,False
jupyterlab/jupyterlab,,body-parser,MIT,False
jupyterlab/jupyterlab,,send,MIT,False
jupyterlab/jupyterlab,,parse-path,unknown,False
jupyterlab/jupyterlab,,protocols,MIT,False
jupyterlab/jupyterlab,,string-width-cjs,unknown,False
jupyterlab/jupyterlab,,is-fullwidth-code-point,MIT,False
jupyterlab/jupyterlab,,emoji-regex,MIT,False
jupyterlab/jupyterlab,,vega-geo,unknown,False
jupyterlab/jupyterlab,,d3-color,ISC,False
jupyterlab/jupyterlab,,vega-canvas,BSD-3-Clause,False
jupyterlab/jupyterlab,,d3-geo,ISC,False
jupyterlab/jupyterlab,,vega-util,BSD-3-Clause,False
jupyterlab/jupyterlab,,vega-statistics,BSD-3-Clause,False
jupyterlab/jupyterlab,,d3-array,ISC,False
jupyterlab/jupyterlab,,vega-dataflow,BSD-3-Clause,False
jupyterlab/jupyterlab,,vega-projection,BSD-3-Clause,False
jupyterlab/jupyterlab,,@types/d3-contour,unknown,False
jupyterlab/jupyterlab,,@types/d3-array,MIT,False
jupyterlab/jupyterlab,,@types/geojson,MIT,False
jupyterlab/jupyterlab,,read-pkg,unknown,False
jupyterlab/jupyterlab,,@types/normalize-package-data,MIT,False
jupyterlab/jupyterlab,,normalize-package-data,BSD-2-Clause,False
jupyterlab/jupyterlab,,parse-json,MIT,False
jupyterlab/jupyterlab,,@jest/expect,unknown,False
jupyterlab/jupyterlab,,jest-snapshot,MIT,False
jupyterlab/jupyterlab,,expect,MIT,False
jupyterlab/jupyterlab,,jwa,unknown,False
jupyterlab/jupyterlab,,ecdsa-sig-formatter,Apache-2.0,False
jupyterlab/jupyterlab,,buffer-equal-constant-time,BSD-3-Clause,False
jupyterlab/jupyterlab,,local-pkg,unknown,False
jupyterlab/jupyterlab,,mlly,MIT,False
jupyterlab/jupyterlab,,quansync,MIT,False
jupyterlab/jupyterlab,,pkg-types,MIT,False
jupyterlab/jupyterlab,,queue-microtask,MIT,False
jupyterlab/jupyterlab,,@typescript-eslint/eslint-plugin,unknown,False
jupyterlab/jupyterlab,,graphemer,MIT,False
jupyterlab/jupyterlab,,@typescript-eslint/utils,MIT,False
jupyterlab/jupyterlab,,@typescript-eslint/type-utils,MIT,False
jupyterlab/jupyterlab,,@eslint-community/regexpp,MIT,False
jupyterlab/jupyterlab,,natural-compare,MIT,False
jupyterlab/jupyterlab,,@typescript-eslint/scope-manager,MIT,False
jupyterlab/jupyterlab,,@typescript-eslint/visitor-keys,MIT,False
jupyterlab/jupyterlab,,ignore,MIT,False
jupyterlab/jupyterlab,,ts-api-utils,MIT,False
jupyterlab/jupyterlab,,@jest/expect-utils,unknown,False
jupyterlab/jupyterlab,,jest-get-type,MIT,False
jupyterlab/jupyterlab,,is-binary-path,unknown,False
jupyterlab/jupyterlab,,binary-extensions,MIT,False
jupyterlab/jupyterlab,,@types/d3-transition,unknown,False
jupyterlab/jupyterlab,,@types/d3-selection,MIT,False
jupyterlab/jupyterlab,,es-iterator-helpers,unknown,False
jupyterlab/jupyterlab,,has-proto,MIT,False
jupyterlab/jupyterlab,,asynciterator.prototype,MIT,False
jupyterlab/jupyterlab,,iterator.prototype,MIT,False
jupyterlab/jupyterlab,,globalthis,MIT,False
jupyterlab/jupyterlab,,internal-slot,MIT,False
jupyterlab/jupyterlab,,call-bind,MIT,False
jupyterlab/jupyterlab,,define-properties,MIT,False
jupyterlab/jupyterlab,,es-abstract,MIT,False
jupyterlab/jupyterlab,,has-property-descriptors,MIT,False
jupyterlab/jupyterlab,,safe-array-concat,MIT,False
jupyterlab/jupyterlab,,has-symbols,MIT,False
jupyterlab/jupyterlab,,get-intrinsic,MIT,False
jupyterlab/jupyterlab,,es-set-tostringtag,MIT,False
jupyterlab/jupyterlab,,espree,unknown,False
jupyterlab/jupyterlab,,acorn-jsx,MIT,False
jupyterlab/jupyterlab,,eslint-visitor-keys,Apache-2.0,False
jupyterlab/jupyterlab,,@types/d3-axis,unknown,False
jupyterlab/jupyterlab,,npm-pick-manifest,unknown,False
jupyterlab/jupyterlab,,npm-normalize-package-bin,ISC,False
jupyterlab/jupyterlab,,npm-package-arg,ISC,False
jupyterlab/jupyterlab,,npm-install-checks,BSD-2-Clause,False
jupyterlab/jupyterlab,,@lezer/javascript,unknown,False
jupyterlab/jupyterlab,,@lezer/lr,MIT,False
jupyterlab/jupyterlab,,@lezer/highlight,MIT,False
jupyterlab/jupyterlab,,enquirer,unknown,False
jupyterlab/jupyterlab,,ansi-colors,MIT,False
jupyterlab/jupyterlab,,sort-package-json,unknown,False
jupyterlab/jupyterlab,,globby,MIT,False
jupyterlab/jupyterlab,,sort-object-keys,MIT,False
jupyterlab/jupyterlab,,is-plain-obj,MIT,False
jupyterlab/jupyterlab,,git-hooks-list,MIT,False
jupyterlab/jupyterlab,,detect-newline,MIT,False
jupyterlab/jupyterlab,,detect-indent,MIT,False
jupyterlab/jupyterlab,,@types/d3-geo,unknown,False
jupyterlab/jupyterlab,,strong-log-transformer,unknown,False
jupyterlab/jupyterlab,,duplexer,MIT,False
jupyterlab/jupyterlab,,through,Apache-2.0 AND MIT,False
jupyterlab/jupyterlab,,@babel/plugin-transform-object-super,unknown,False
jupyterlab/jupyterlab,,@babel/helper-replace-supers,MIT,False
jupyterlab/jupyterlab,,@babel/plugin-proposal-object-rest-spread,unknown,False
jupyterlab/jupyterlab,,@babel/plugin-syntax-object-rest-spread,MIT,False
jupyterlab/jupyterlab,,@babel/plugin-transform-parameters,MIT,False
jupyterlab/jupyterlab,,@babel/helper-compilation-targets,MIT,False
jupyterlab/jupyterlab,,@babel/compat-data,MIT,False
jupyterlab/jupyterlab,,@stdlib/cli,unknown,False
jupyterlab/jupyterlab,,@stdlib/utils,Apache-2.0,False
jupyterlab/jupyterlab,,write-pkg,unknown,False
jupyterlab/jupyterlab,,sort-keys,MIT,False
jupyterlab/jupyterlab,,write-json-file,MIT,False
jupyterlab/jupyterlab,,is-glob,unknown,False
jupyterlab/jupyterlab,,is-extglob,MIT,False
jupyterlab/jupyterlab,,@types/d3,unknown,False
jupyterlab/jupyterlab,,@types/d3-quadtree,MIT,False
jupyterlab/jupyterlab,,@types/d3-fetch,MIT,False
jupyterlab/jupyterlab,,@types/d3-time-format,MIT,False
jupyterlab/jupyterlab,,@types/d3-hierarchy,MIT,False
jupyterlab/jupyterlab,,@types/d3-shape,MIT,False
jupyterlab/jupyterlab,,@types/d3-interpolate,MIT,False
jupyterlab/jupyterlab,,@types/d3-timer,MIT,False
jupyterlab/jupyterlab,,@types/d3-time,MIT,False
jupyterlab/jupyterlab,,@types/d3-drag,MIT,False
jupyterlab/jupyterlab,,@types/d3-ease,MIT,False
jupyterlab/jupyterlab,,@types/d3-dispatch,MIT,False
jupyterlab/jupyterlab,,@types/d3-random,MIT,False
jupyterlab/jupyterlab,,@types/d3-polygon,MIT,False
jupyterlab/jupyterlab,,@types/d3-scale-chromatic,MIT,False
jupyterlab/jupyterlab,,@types/d3-dsv,MIT,False
jupyterlab/jupyterlab,,@types/d3-zoom,MIT,False
jupyterlab/jupyterlab,,@types/d3-color,MIT,False
jupyterlab/jupyterlab,,@types/d3-delaunay,MIT,False
jupyterlab/jupyterlab,,@types/d3-scale,MIT,False
jupyterlab/jupyterlab,,@types/d3-chord,MIT,False
jupyterlab/jupyterlab,,@types/d3-format,MIT,False
jupyterlab/jupyterlab,,@types/d3-path,MIT,False
jupyterlab/jupyterlab,,@types/d3-brush,MIT,False
jupyterlab/jupyterlab,,@types/d3-force,MIT,False
jupyterlab/jupyterlab,,@octokit/auth-token,unknown,False
jupyterlab/jupyterlab,,@octokit/types,MIT,False
jupyterlab/jupyterlab,,istanbul-lib-report,unknown,False
jupyterlab/jupyterlab,,istanbul-lib-coverage,BSD-3-Clause,False
jupyterlab/jupyterlab,,make-dir,MIT,False
jupyterlab/jupyterlab,,@lezer/markdown,unknown,False
jupyterlab/jupyterlab,,@lezer/common,MIT,False
jupyterlab/jupyterlab,,object.values,unknown,False
jupyterlab/jupyterlab,,read-pkg-up,unknown,False
jupyterlab/jupyterlab,,@nodelib/fs.walk,unknown,False
jupyterlab/jupyterlab,,fastq,ISC,False
jupyterlab/jupyterlab,,array.prototype.flatmap,unknown,False
jupyterlab/jupyterlab,,es-shim-unscopables,MIT,False
jupyterlab/jupyterlab,,validate-npm-package-name,unknown,False
jupyterlab/jupyterlab,,builtins,MIT,False
jupyterlab/jupyterlab,,parse5,unknown,False
jupyterlab/jupyterlab,,peek-stream,unknown,False
jupyterlab/jupyterlab,,through2,MIT,False
jupyterlab/jupyterlab,,duplexify,MIT,False
jupyterlab/jupyterlab,,vega-scenegraph,unknown,False
jupyterlab/jupyterlab,,d3-path,ISC,False
jupyterlab/jupyterlab,,d3-shape,ISC,False
jupyterlab/jupyterlab,,vega-scale,BSD-3-Clause,False
jupyterlab/jupyterlab,,vega-loader,BSD-3-Clause,False
jupyterlab/jupyterlab,,jest-runtime,unknown,False
jupyterlab/jupyterlab,,strip-bom,MIT,False
jupyterlab/jupyterlab,,slash,MIT,False
jupyterlab/jupyterlab,,@jest/types,MIT,False
jupyterlab/jupyterlab,,@jest/fake-timers,MIT,False
jupyterlab/jupyterlab,,jest-util,MIT,False
jupyterlab/jupyterlab,,jest-regex-util,MIT,False
jupyterlab/jupyterlab,,jest-message-util,MIT,False
jupyterlab/jupyterlab,,cjs-module-lexer,MIT,False
jupyterlab/jupyterlab,,@jest/source-map,MIT,False
jupyterlab/jupyterlab,,jest-haste-map,MIT,False
jupyterlab/jupyterlab,,@jest/environment,MIT,False
jupyterlab/jupyterlab,,@jest/transform,MIT,False
jupyterlab/jupyterlab,,@jest/test-result,MIT,False
jupyterlab/jupyterlab,,jest-resolve,MIT,False
jupyterlab/jupyterlab,,collect-v8-coverage,MIT,False
jupyterlab/jupyterlab,,@jest/globals,MIT,False
jupyterlab/jupyterlab,,jest-mock,MIT,False
jupyterlab/jupyterlab,,import-fresh,unknown,False
jupyterlab/jupyterlab,,parent-module,MIT,False
jupyterlab/jupyterlab,,@babel/helper-create-class-features-plugin,unknown,False
jupyterlab/jupyterlab,,@babel/helper-annotate-as-pure,MIT,False
jupyterlab/jupyterlab,,@babel/helper-split-export-declaration,MIT,False
jupyterlab/jupyterlab,,@babel/helper-function-name,MIT,False
jupyterlab/jupyterlab,,@babel/helper-skip-transparent-expression-wrappers,MIT,False
jupyterlab/jupyterlab,,@babel/helper-member-expression-to-functions,MIT,False
jupyterlab/jupyterlab,,@babel/helper-optimise-call-expression,MIT,False
jupyterlab/jupyterlab,,@babel/helper-environment-visitor,MIT,False
jupyterlab/jupyterlab,,@typescript-eslint/typescript-estree,unknown,False
jupyterlab/jupyterlab,,tsutils,MIT,False
jupyterlab/jupyterlab,,@typescript-eslint/types,MIT,False
jupyterlab/jupyterlab,,dir-glob,unknown,False
jupyterlab/jupyterlab,,path-type,MIT,False
jupyterlab/jupyterlab,,@lerna/create,unknown,False
jupyterlab/jupyterlab,,@lerna/child-process,MIT,False
jupyterlab/jupyterlab,,init-package-json,ISC,False
jupyterlab/jupyterlab,,pacote,ISC,False
jupyterlab/jupyterlab,,pify,MIT,False
jupyterlab/jupyterlab,,p-reduce,MIT,False
jupyterlab/jupyterlab,,dedent,MIT,False
jupyterlab/jupyterlab,,validate-npm-package-license,Apache-2.0,False
jupyterlab/jupyterlab,,yargs-parser,ISC,False
jupyterlab/jupyterlab,,thread-stream,unknown,False
jupyterlab/jupyterlab,,real-require,MIT,False
jupyterlab/jupyterlab,,is-weakset,unknown,False
jupyterlab/jupyterlab,,ms,MIT,False
jupyterlab/jupyterlab,,react-test-renderer,unknown,False
jupyterlab/jupyterlab,,react-shallow-renderer,MIT,False
jupyterlab/jupyterlab,,stylelint,unknown,False
jupyterlab/jupyterlab,,@csstools/media-query-list-parser,MIT,False
jupyterlab/jupyterlab,,known-css-properties,MIT,False
jupyterlab/jupyterlab,,colord,MIT,False
jupyterlab/jupyterlab,,import-lazy,MIT,False
jupyterlab/jupyterlab,,@csstools/css-parser-algorithms,MIT,False
jupyterlab/jupyterlab,,mathml-tag-names,MIT,False
jupyterlab/jupyterlab,,@csstools/selector-specificity,MIT-0,False
jupyterlab/jupyterlab,,supports-hyperlinks,MIT,False
jupyterlab/jupyterlab,,fast-glob,MIT,False
jupyterlab/jupyterlab,,css-tree,MIT,False
jupyterlab/jupyterlab,,micromatch,MIT,False
jupyterlab/jupyterlab,,globjoin,MIT,False
jupyterlab/jupyterlab,,style-search,ISC,False
jupyterlab/jupyterlab,,svg-tags,MIT,False
jupyterlab/jupyterlab,,postcss-resolve-nested-selector,MIT,False
jupyterlab/jupyterlab,,global-modules,MIT,False
jupyterlab/jupyterlab,,@csstools/css-tokenizer,MIT,False
jupyterlab/jupyterlab,,meow,MIT,False
jupyterlab/jupyterlab,,table,BSD-3-Clause,False
jupyterlab/jupyterlab,,css-functions-list,MIT,False
jupyterlab/jupyterlab,,imurmurhash,MIT,False
jupyterlab/jupyterlab,,file-entry-cache,MIT,False
jupyterlab/jupyterlab,,postcss-safe-parser,MIT,False
jupyterlab/jupyterlab,,cosmiconfig,MIT,False
jupyterlab/jupyterlab,,write-file-atomic,ISC,False
jupyterlab/jupyterlab,,html-tags,MIT,False
jupyterlab/jupyterlab,,normalize-path,MIT,False
jupyterlab/jupyterlab,,jest-watcher,unknown,False
jupyterlab/jupyterlab,,ansi-escapes,MIT,False
jupyterlab/jupyterlab,,emittery,MIT,False
jupyterlab/jupyterlab,,string-length,MIT,False
jupyterlab/jupyterlab,,mdn-data,CC0-1.0,False
jupyterlab/jupyterlab,,@babel/plugin-transform-dotall-regex,unknown,False
jupyterlab/jupyterlab,,@babel/helper-create-regexp-features-plugin,MIT,False
jupyterlab/jupyterlab,,verdaccio-htpasswd,unknown,False
jupyterlab/jupyterlab,,bcryptjs,MIT,False
jupyterlab/jupyterlab,,apache-md5,MIT,False
jupyterlab/jupyterlab,,unix-crypt-td-js,BSD-3-Clause,False
jupyterlab/jupyterlab,,core-js,MIT,False
jupyterlab/jupyterlab,,@verdaccio/core,MIT,False
jupyterlab/jupyterlab,,@verdaccio/file-locking,MIT,False
jupyterlab/jupyterlab,,side-channel-weakmap,unknown,False
jupyterlab/jupyterlab,,side-channel-map,MIT,False
jupyterlab/jupyterlab,,call-bound,MIT,False
jupyterlab/jupyterlab,,es-errors,MIT,False
jupyterlab/jupyterlab,,object-inspect,MIT,False
jupyterlab/jupyterlab,,lerna,unknown,False
jupyterlab/jupyterlab,,p-map-series,MIT,False
jupyterlab/jupyterlab,,temp-dir,MIT,False
jupyterlab/jupyterlab,,columnify,MIT,False
jupyterlab/jupyterlab,,js-yaml,MIT,False
jupyterlab/jupyterlab,,libnpmpublish,ISC,False
jupyterlab/jupyterlab,,ssri,ISC,False
jupyterlab/jupyterlab,,@octokit/rest,MIT,False
jupyterlab/jupyterlab,,@npmcli/run-script,ISC,False
jupyterlab/jupyterlab,,multimatch,MIT,False
jupyterlab/jupyterlab,,load-json-file,MIT,False
jupyterlab/jupyterlab,,node-fetch,MIT,False
jupyterlab/jupyterlab,,p-waterfall,MIT,False
jupyterlab/jupyterlab,,upath,MIT,False
jupyterlab/jupyterlab,,has-unicode,ISC,False
jupyterlab/jupyterlab,,p-pipe,MIT,False
jupyterlab/jupyterlab,,tar,ISC,False
jupyterlab/jupyterlab,,byte-size,MIT,False
jupyterlab/jupyterlab,,libnpmaccess,ISC,False
jupyterlab/jupyterlab,,p-queue,MIT,False
jupyterlab/jupyterlab,,nx,MIT,False
jupyterlab/jupyterlab,,is-stream,MIT,False
jupyterlab/jupyterlab,,execa,MIT,False
jupyterlab/jupyterlab,,ini,ISC,False
jupyterlab/jupyterlab,,read-package-json,ISC,False
jupyterlab/jupyterlab,,inquirer,MIT,False
jupyterlab/jupyterlab,,yargs,MIT,False
jupyterlab/jupyterlab,,signal-exit,ISC,False
jupyterlab/jupyterlab,,@octokit/plugin-enterprise-rest,MIT,False
jupyterlab/jupyterlab,,get-port,MIT,False
jupyterlab/jupyterlab,,conventional-changelog-angular,ISC,False
jupyterlab/jupyterlab,,git-url-parse,MIT,False
jupyterlab/jupyterlab,,glob-parent,ISC,False
jupyterlab/jupyterlab,,npm-packlist,ISC,False
jupyterlab/jupyterlab,,@nx/devkit,MIT,False
jupyterlab/jupyterlab,,jest-diff,MIT,False
jupyterlab/jupyterlab,,npm-registry-fetch,ISC,False
jupyterlab/jupyterlab,,npmlog,ISC,False
jupyterlab/jupyterlab,,read-cmd-shim,ISC,False
jupyterlab/jupyterlab,,is-ci,MIT,False
jupyterlab/jupyterlab,,cmd-shim,ISC,False
jupyterlab/jupyterlab,,p-map,MIT,False
jupyterlab/jupyterlab,,conventional-recommended-bump,MIT,False
jupyterlab/jupyterlab,,conventional-changelog-core,MIT,False
jupyterlab/jupyterlab,,uuid,MIT,False
jupyterlab/jupyterlab,,typescript,Apache-2.0,False
jupyterlab/jupyterlab,,@babel/preset-env,unknown,False
jupyterlab/jupyterlab,,@babel/plugin-proposal-dynamic-import,MIT,False
jupyterlab/jupyterlab,,@babel/preset-modules,MIT,False
jupyterlab/jupyterlab,,@babel/plugin-proposal-unicode-property-regex,MIT,False
jupyterlab/jupyterlab,,@babel/helper-validator-option,MIT,False
jupyterlab/jupyterlab,,@babel/plugin-bugfix-safari-id-destructuring-collision-in-function-expression,MIT,False
jupyterlab/jupyterlab,,@babel/plugin-proposal-class-static-block,MIT,False
jupyterlab/jupyterlab,,@babel/plugin-syntax-nullish-coalescing-operator,MIT,False
jupyterlab/jupyterlab,,@babel/plugin-syntax-export-namespace-from,MIT,False
jupyterlab/jupyterlab,,@babel/plugin-transform-named-capturing-groups-regex,MIT,False
jupyterlab/jupyterlab,,babel-plugin-polyfill-regenerator,MIT,False
jupyterlab/jupyterlab,,@babel/plugin-transform-spread,MIT,False
jupyterlab/jupyterlab,,@babel/plugin-transform-member-expression-literals,MIT,False
jupyterlab/jupyterlab,,@babel/plugin-proposal-optional-catch-binding,MIT,False
jupyterlab/jupyterlab,,core-js-compat,MIT,False
jupyterlab/jupyterlab,,@babel/plugin-transform-template-literals,MIT,False
jupyterlab/jupyterlab,,@babel/plugin-transform-reserved-words,MIT,False
jupyterlab/jupyterlab,,@babel/plugin-transform-unicode-escapes,MIT,False
jupyterlab/jupyterlab,,@babel/plugin-proposal-optional-chaining,MIT,False
jupyterlab/jupyterlab,,@babel/plugin-syntax-logical-assignment-operators,MIT,False
jupyterlab/jupyterlab,,@babel/plugin-transform-typeof-symbol,MIT,False
jupyterlab/jupyterlab,,@babel/plugin-proposal-nullish-coalescing-operator,MIT,False
jupyterlab/jupyterlab,,@babel/plugin-transform-shorthand-properties,MIT,False
jupyterlab/jupyterlab,,@babel/plugin-proposal-class-properties,MIT,False
jupyterlab/jupyterlab,,@babel/plugin-transform-modules-systemjs,MIT,False
jupyterlab/jupyterlab,,@babel/plugin-proposal-async-generator-functions,MIT,False
jupyterlab/jupyterlab,,@babel/plugin-syntax-import-assertions,MIT,False
jupyterlab/jupyterlab,,@babel/plugin-proposal-numeric-separator,MIT,False
jupyterlab/jupyterlab,,@babel/plugin-transform-duplicate-keys,MIT,False
jupyterlab/jupyterlab,,@babel/plugin-syntax-optional-catch-binding,MIT,False
jupyterlab/jupyterlab,,@babel/plugin-transform-async-to-generator,MIT,False
jupyterlab/jupyterlab,,@babel/plugin-transform-destructuring,MIT,False
jupyterlab/jupyterlab,,@babel/plugin-transform-regenerator,MIT,False
jupyterlab/jupyterlab,,@babel/plugin-transform-property-literals,MIT,False
jupyterlab/jupyterlab,,@babel/plugin-transform-modules-amd,MIT,False
jupyterlab/jupyterlab,,@babel/plugin-bugfix-v8-spread-parameters-in-optional-chaining,MIT,False
jupyterlab/jupyterlab,,@babel/plugin-syntax-async-generators,MIT,False
jupyterlab/jupyterlab,,babel-plugin-polyfill-corejs3,MIT,False
jupyterlab/jupyterlab,,@babel/plugin-transform-classes,MIT,False
jupyterlab/jupyterlab,,@babel/plugin-syntax-json-strings,MIT,False
jupyterlab/jupyterlab,,babel-plugin-polyfill-corejs2,MIT,False
jupyterlab/jupyterlab,,@babel/plugin-transform-modules-umd,MIT,False
jupyterlab/jupyterlab,,@babel/plugin-transform-block-scoped-functions,MIT,False
jupyterlab/jupyterlab,,@babel/plugin-transform-block-scoping,MIT,False
jupyterlab/jupyterlab,,@babel/plugin-syntax-dynamic-import,MIT,False
jupyterlab/jupyterlab,,@babel/plugin-transform-for-of,MIT,False
jupyterlab/jupyterlab,,@babel/plugin-proposal-private-methods,MIT,False
jupyterlab/jupyterlab,,@babel/plugin-syntax-top-level-await,MIT,False
jupyterlab/jupyterlab,,@babel/plugin-proposal-logical-assignment-operators,MIT,False
jupyterlab/jupyterlab,,@babel/plugin-proposal-json-strings,MIT,False
jupyterlab/jupyterlab,,@babel/plugin-transform-sticky-regex,MIT,False
jupyterlab/jupyterlab,,@babel/plugin-transform-computed-properties,MIT,False
jupyterlab/jupyterlab,,@babel/plugin-syntax-numeric-separator,MIT,False
jupyterlab/jupyterlab,,@babel/plugin-transform-exponentiation-operator,MIT,False
jupyterlab/jupyterlab,,@babel/plugin-transform-unicode-regex,MIT,False
jupyterlab/jupyterlab,,@babel/plugin-transform-arrow-functions,MIT,False
jupyterlab/jupyterlab,,@babel/plugin-syntax-optional-chaining,MIT,False
jupyterlab/jupyterlab,,@babel/plugin-transform-function-name,MIT,False
jupyterlab/jupyterlab,,@babel/plugin-syntax-class-static-block,MIT,False
jupyterlab/jupyterlab,,@babel/plugin-syntax-class-properties,MIT,False
jupyterlab/jupyterlab,,@babel/plugin-proposal-export-namespace-from,MIT,False
jupyterlab/jupyterlab,,@babel/plugin-syntax-private-property-in-object,MIT,False
jupyterlab/jupyterlab,,@babel/plugin-proposal-private-property-in-object,MIT,False
jupyterlab/jupyterlab,,@babel/plugin-transform-literals,MIT,False
jupyterlab/jupyterlab,,@babel/types,MIT,False
jupyterlab/jupyterlab,,anymatch,unknown,False
jupyterlab/jupyterlab,,picomatch,MIT,False
jupyterlab/jupyterlab,,npm-bundled,ISC,False
jupyterlab/jupyterlab,,ignore-walk,ISC,False
jupyterlab/jupyterlab,,mimic-response,MIT,False
jupyterlab/jupyterlab,,@yarnpkg/libzip,unknown,False
jupyterlab/jupyterlab,,@yarnpkg/fslib,BSD-2-Clause,False
jupyterlab/jupyterlab,,@types/emscripten,MIT,False
jupyterlab/jupyterlab,,slice-ansi,unknown,False
jupyterlab/jupyterlab,,astral-regex,MIT,False
jupyterlab/jupyterlab,,side-channel-list,unknown,False
jupyterlab/jupyterlab,,mv,unknown,False
jupyterlab/jupyterlab,,mkdirp,MIT,False
jupyterlab/jupyterlab,,ncp,MIT,False
jupyterlab/jupyterlab,,jest-leak-detector,unknown,False
jupyterlab/jupyterlab,,pretty-format,MIT,False
jupyterlab/jupyterlab,,v8-to-istanbul,unknown,False
jupyterlab/jupyterlab,,@types/istanbul-lib-coverage,MIT,False
jupyterlab/jupyterlab,,convert-source-map,MIT,False
jupyterlab/jupyterlab,,mz,unknown,False
jupyterlab/jupyterlab,,any-promise,MIT,False
jupyterlab/jupyterlab,,thenify-all,MIT,False
jupyterlab/jupyterlab,,@types/through,unknown,False
jupyterlab/jupyterlab,,http-proxy-agent,unknown,False
jupyterlab/jupyterlab,,@tootallnate/once,MIT,False
jupyterlab/jupyterlab,,agent-base,MIT,False
jupyterlab/jupyterlab,,@jest/schemas,MIT,False
jupyterlab/jupyterlab,,@types/yargs,MIT,False
jupyterlab/jupyterlab,,@types/istanbul-reports,MIT,False
jupyterlab/jupyterlab,,type-check,unknown,False
jupyterlab/jupyterlab,,prelude-ls,MIT,False
jupyterlab/jupyterlab,,has,unknown,False
jupyterlab/jupyterlab,,minipass-pipeline,unknown,False
jupyterlab/jupyterlab,,minipass,ISC,False
jupyterlab/jupyterlab,,braces,MIT,False
jupyterlab/jupyterlab,,dot-case,unknown,False
jupyterlab/jupyterlab,,no-case,MIT,False
jupyterlab/jupyterlab,,@types/dompurify,unknown,False
jupyterlab/jupyterlab,,@types/trusted-types,MIT,False
jupyterlab/jupyterlab,,vega-tooltip,unknown,False
jupyterlab/jupyterlab,,readable-stream,unknown,False
jupyterlab/jupyterlab,,isarray,MIT,False
jupyterlab/jupyterlab,,core-util-is,MIT,False
jupyterlab/jupyterlab,,string_decoder,MIT,False
jupyterlab/jupyterlab,,process-nextick-args,MIT,False
jupyterlab/jupyterlab,,reflect.getprototypeof,unknown,False
jupyterlab/jupyterlab,,which-builtin-type,MIT,False
jupyterlab/jupyterlab,,@codemirror/lang-css,unknown,False
jupyterlab/jupyterlab,,@lezer/css,MIT,False
jupyterlab/jupyterlab,,@codemirror/autocomplete,MIT,False
jupyterlab/jupyterlab,,@codemirror/state,MIT,False
jupyterlab/jupyterlab,,@codemirror/language,MIT,False
jupyterlab/jupyterlab,,axios,unknown,False
jupyterlab/jupyterlab,,follow-redirects,MIT,False
jupyterlab/jupyterlab,,proxy-from-env,MIT,False
jupyterlab/jupyterlab,,form-data,MIT,False
jupyterlab/jupyterlab,,global-prefix,unknown,False
jupyterlab/jupyterlab,,@codemirror/lang-html,unknown,False
jupyterlab/jupyterlab,,@lezer/html,MIT,False
jupyterlab/jupyterlab,,@codemirror/lang-javascript,MIT,False
jupyterlab/jupyterlab,,@codemirror/view,MIT,False
jupyterlab/jupyterlab,,lru-queue,unknown,False
jupyterlab/jupyterlab,,es5-ext,ISC,False
jupyterlab/jupyterlab,,jest-environment-jsdom,unknown,False
jupyterlab/jupyterlab,,jsdom,MIT,False
jupyterlab/jupyterlab,,@types/jsdom,MIT,False
jupyterlab/jupyterlab,,@babel/helper-define-polyfill-provider,MIT,False
jupyterlab/jupyterlab,,lockfile,unknown,False
jupyterlab/jupyterlab,,nth-check,unknown,False
jupyterlab/jupyterlab,,boolbase,ISC,False
jupyterlab/jupyterlab,,wrap-ansi-cjs,unknown,False
jupyterlab/jupyterlab,,compression,unknown,False
jupyterlab/jupyterlab,,on-headers,MIT,False
jupyterlab/jupyterlab,,compressible,MIT,False
jupyterlab/jupyterlab,,bytes,MIT,False
jupyterlab/jupyterlab,,negotiator,MIT,False
jupyterlab/jupyterlab,,minipass-json-stream,unknown,False
jupyterlab/jupyterlab,,jsonparse,MIT,False
jupyterlab/jupyterlab,,@lezer/java,unknown,False
jupyterlab/jupyterlab,,@mermaid-js/layout-elk,unknown,False
jupyterlab/jupyterlab,,d3,ISC,False
jupyterlab/jupyterlab,,elkjs,EPL-2.0,False
jupyterlab/jupyterlab,,merge2,MIT,False
jupyterlab/jupyterlab,,bundle-name,unknown,False
jupyterlab/jupyterlab,,run-applescript,MIT,False
jupyterlab/jupyterlab,,@sinonjs/fake-timers,BSD-3-Clause,False
jupyterlab/jupyterlab,,@verdaccio/commons-api,unknown,False
jupyterlab/jupyterlab,,http-status-codes,MIT,False
jupyterlab/jupyterlab,,conventional-commits-parser,unknown,False
jupyterlab/jupyterlab,,is-text-path,MIT,False
jupyterlab/jupyterlab,,split2,ISC,False
jupyterlab/jupyterlab,,JSONStream,Apache-2.0 OR MIT OR (Apache-2.0 AND MIT),False
jupyterlab/jupyterlab,,@babel/helper-hoist-variables,MIT,False
jupyterlab/jupyterlab,,@babel/helper-validator-identifier,MIT,False
jupyterlab/jupyterlab,,@babel/helper-remap-async-to-generator,MIT,False
jupyterlab/jupyterlab,,@babel/helper-module-imports,MIT,False
jupyterlab/jupyterlab,,@babel/helper-wrap-function,MIT,False
jupyterlab/jupyterlab,,jsprim,unknown,False
jupyterlab/jupyterlab,,extsprintf,MIT,False
jupyterlab/jupyterlab,,verror,MIT,False
jupyterlab/jupyterlab,,json-schema,AFL-2.1 OR BSD-3-Clause OR (AFL-2.1 AND BSD-3-Clause),False
jupyterlab/jupyterlab,,assert-plus,MIT,False
jupyterlab/jupyterlab,,@codemirror/lang-wast,unknown,False
jupyterlab/jupyterlab,,stylelint-csstree-validator,unknown,False
jupyterlab/jupyterlab,,read-package-json-fast,unknown,False
jupyterlab/jupyterlab,,regenerator-transform,MIT,False
jupyterlab/jupyterlab,,camelcase-keys,unknown,False
jupyterlab/jupyterlab,,map-obj,MIT,False
jupyterlab/jupyterlab,,quick-lru,MIT,False
jupyterlab/jupyterlab,,camelcase,MIT,False
jupyterlab/jupyterlab,,stream-shift,MIT,False
jupyterlab/jupyterlab,,end-of-stream,MIT,False
jupyterlab/jupyterlab,,git-semver-tags,unknown,False
jupyterlab/jupyterlab,,onetime,unknown,False
jupyterlab/jupyterlab,,mimic-fn,MIT,False
jupyterlab/jupyterlab,,react-paginate,unknown,False
jupyterlab/jupyterlab,,jest-junit,unknown,False
jupyterlab/jupyterlab,,xml,MIT,False
jupyterlab/jupyterlab,,typed-array-buffer,unknown,False
jupyterlab/jupyterlab,,is-typed-array,MIT,False
jupyterlab/jupyterlab,,jest-environment-node,unknown,False
jupyterlab/jupyterlab,,points-on-path,unknown,False
jupyterlab/jupyterlab,,points-on-curve,MIT,False
jupyterlab/jupyterlab,,path-data-parser,MIT,False
jupyterlab/jupyterlab,,is-regex,MIT,False
jupyterlab/jupyterlab,,is-date-object,MIT,False
jupyterlab/jupyterlab,,is-finalizationregistry,MIT,False
jupyterlab/jupyterlab,,is-async-function,MIT,False
jupyterlab/jupyterlab,,function.prototype.name,MIT,False
jupyterlab/jupyterlab,,is-generator-function,MIT,False
jupyterlab/jupyterlab,,which-collection,MIT,False
jupyterlab/jupyterlab,,which-typed-array,MIT,False
jupyterlab/jupyterlab,,which-boxed-primitive,MIT,False
jupyterlab/jupyterlab,,is-weakref,MIT,False
jupyterlab/jupyterlab,,has-tostringtag,MIT,False
jupyterlab/jupyterlab,,array.prototype.tosorted,unknown,False
jupyterlab/jupyterlab,,@szmarczak/http-timer,unknown,False
jupyterlab/jupyterlab,,defer-to-connect,MIT,False
jupyterlab/jupyterlab,,conventional-commits-filter,unknown,False
jupyterlab/jupyterlab,,lodash.ismatch,MIT,False
jupyterlab/jupyterlab,,modify-values,MIT,False
jupyterlab/jupyterlab,,es6-iterator,unknown,False
jupyterlab/jupyterlab,,d,ISC,False
jupyterlab/jupyterlab,,es6-symbol,ISC,False
jupyterlab/jupyterlab,,compare-func,unknown,False
jupyterlab/jupyterlab,,dot-prop,MIT,False
jupyterlab/jupyterlab,,array-ify,MIT,False
jupyterlab/jupyterlab,,cose-base,unknown,False
jupyterlab/jupyterlab,,layout-base,MIT,False
jupyterlab/jupyterlab,,@marijn/find-cluster-break,MIT,False
jupyterlab/jupyterlab,,gzip-size,unknown,False
jupyterlab/jupyterlab,,react-toastify,unknown,False
jupyterlab/jupyterlab,,clsx,MIT,False
jupyterlab/jupyterlab,,path-scurry,BlueOak-1.0.0,False
jupyterlab/jupyterlab,,error-ex,MIT,False
jupyterlab/jupyterlab,,lines-and-columns,MIT,False
jupyterlab/jupyterlab,,@babel/code-frame,MIT,False
jupyterlab/jupyterlab,,timers-ext,unknown,False
jupyterlab/jupyterlab,,next-tick,ISC,False
jupyterlab/jupyterlab,,@codemirror/search,unknown,False
jupyterlab/jupyterlab,,crelt,MIT,False
jupyterlab/jupyterlab,,@playwright/test,unknown,False
jupyterlab/jupyterlab,,playwright,Apache-2.0,False
jupyterlab/jupyterlab,,pathe,MIT,False
jupyterlab/jupyterlab,,confbox,BSD-3-Clause AND ISC AND MIT,False
jupyterlab/jupyterlab,,exsolve,MIT,False
jupyterlab/jupyterlab,,argparse,Python-2.0,False
jupyterlab/jupyterlab,,got,unknown,False
jupyterlab/jupyterlab,,@sindresorhus/is,MIT,False
jupyterlab/jupyterlab,,@types/cacheable-request,MIT,False
jupyterlab/jupyterlab,,cacheable-lookup,MIT,False
jupyterlab/jupyterlab,,http2-wrapper,MIT,False
jupyterlab/jupyterlab,,p-cancelable,MIT,False
jupyterlab/jupyterlab,,@types/responselike,MIT,False
jupyterlab/jupyterlab,,decompress-response,MIT,False
jupyterlab/jupyterlab,,@verdaccio/utils,unknown,False
jupyterlab/jupyterlab,,@types/babel__core,unknown,False
jupyterlab/jupyterlab,,@types/babel__generator,MIT,False
jupyterlab/jupyterlab,,@types/babel__traverse,MIT,False
jupyterlab/jupyterlab,,@types/babel__template,MIT,False
jupyterlab/jupyterlab,,@babel/parser,MIT,False
jupyterlab/jupyterlab,,@lezer/rust,unknown,False
jupyterlab/jupyterlab,,w3c-xmlserializer,unknown,False
jupyterlab/jupyterlab,,xml-name-validator,Apache-2.0,False
jupyterlab/jupyterlab,,git-raw-commits,unknown,False
jupyterlab/jupyterlab,,dargs,MIT,False
jupyterlab/jupyterlab,,walker,unknown,False
jupyterlab/jupyterlab,,makeerror,BSD-3-Clause,False
jupyterlab/jupyterlab,,bcrypt-pbkdf,unknown,False
jupyterlab/jupyterlab,,tweetnacl,Unlicense,False
jupyterlab/jupyterlab,,vega-embed,unknown,False
jupyterlab/jupyterlab,,vega-interpreter,BSD-3-Clause,False
jupyterlab/jupyterlab,,fast-json-patch,MIT,False
jupyterlab/jupyterlab,,vega-themes,BSD-3-Clause,False
jupyterlab/jupyterlab,,vega-schema-url-parser,BSD-3-Clause,False
jupyterlab/jupyterlab,,json-stringify-pretty-compact,MIT,False
jupyterlab/jupyterlab,,is-boolean-object,unknown,False
jupyterlab/jupyterlab,,@octokit/plugin-paginate-rest,unknown,False
jupyterlab/jupyterlab,,@octokit/tsconfig,MIT,False
jupyterlab/jupyterlab,,@verdaccio/loaders,unknown,False
jupyterlab/jupyterlab,,@verdaccio/logger,MIT,False
jupyterlab/jupyterlab,,simulate-event,unknown,False
jupyterlab/jupyterlab,,xtend,MIT,False
jupyterlab/jupyterlab,,strip-ansi,unknown,False
jupyterlab/jupyterlab,,ansi-regex,MIT,False
jupyterlab/jupyterlab,,@jest/console,MIT,False
jupyterlab/jupyterlab,,@nrwl/tao,unknown,False
jupyterlab/jupyterlab,,test-exclude,unknown,False
jupyterlab/jupyterlab,,@istanbuljs/schema,MIT,False
jupyterlab/jupyterlab,,memoizee,unknown,False
jupyterlab/jupyterlab,,is-promise,MIT,False
jupyterlab/jupyterlab,,event-emitter,MIT,False
jupyterlab/jupyterlab,,es6-weak-map,ISC,False
jupyterlab/jupyterlab,,@babel/runtime,MIT,False
jupyterlab/jupyterlab,,concat-stream,unknown,False
jupyterlab/jupyterlab,,typedarray,MIT,False
jupyterlab/jupyterlab,,@types/istanbul-lib-report,unknown,False
jupyterlab/jupyterlab,,trim-newlines,MIT,False
jupyterlab/jupyterlab,,minimist-options,MIT,False
jupyterlab/jupyterlab,,@types/minimist,MIT,False
jupyterlab/jupyterlab,,redent,MIT,False
jupyterlab/jupyterlab,,hard-rejection,MIT,False
jupyterlab/jupyterlab,,decamelize-keys,MIT,False
jupyterlab/jupyterlab,,decamelize,MIT,False
jupyterlab/jupyterlab,,minipass-fetch,unknown,False
jupyterlab/jupyterlab,,encoding,MIT,False
jupyterlab/jupyterlab,,minizlib,MIT,False
jupyterlab/jupyterlab,,minipass-sized,ISC,False
jupyterlab/jupyterlab,,asynckit,MIT,False
jupyterlab/jupyterlab,,combined-stream,MIT,False
jupyterlab/jupyterlab,,util,unknown,False
jupyterlab/jupyterlab,,type,ISC,False
jupyterlab/jupyterlab,,@zkochan/js-yaml,unknown,False
jupyterlab/jupyterlab,,lodash.debounce,MIT,False
jupyterlab/jupyterlab,,marked-gfm-heading-id,unknown,False
jupyterlab/jupyterlab,,github-slugger,ISC,False
jupyterlab/jupyterlab,,@codemirror/commands,unknown,False
jupyterlab/jupyterlab,,react-highlight-words,unknown,False
jupyterlab/jupyterlab,,memoize-one,MIT,False
jupyterlab/jupyterlab,,highlight-words-core,MIT,False
jupyterlab/jupyterlab,,vega-selections,unknown,False
jupyterlab/jupyterlab,,vega-expression,BSD-3-Clause,False
jupyterlab/jupyterlab,,fs-minipass,unknown,False
jupyterlab/jupyterlab,,promise-retry,unknown,False
jupyterlab/jupyterlab,,retry,MIT,False
jupyterlab/jupyterlab,,err-code,MIT,False
jupyterlab/jupyterlab,,@octokit/plugin-request-log,MIT,False
jupyterlab/jupyterlab,,@octokit/plugin-rest-endpoint-methods,MIT,False
jupyterlab/jupyterlab,,@octokit/core,MIT,False
jupyterlab/jupyterlab,,topojson-client,unknown,False
jupyterlab/jupyterlab,,cli-color,unknown,False
jupyterlab/jupyterlab,,tar-stream,unknown,False
jupyterlab/jupyterlab,,fs-constants,MIT,False
jupyterlab/jupyterlab,,bl,MIT,False
jupyterlab/jupyterlab,,string-width,unknown,False
jupyterlab/jupyterlab,,eastasianwidth,MIT,False
jupyterlab/jupyterlab,,@stdlib/stats,unknown,False
jupyterlab/jupyterlab,,@stdlib/types,Apache-2.0,False
jupyterlab/jupyterlab,,@stdlib/ndarray,Apache-2.0,False
jupyterlab/jupyterlab,,@stdlib/assert,Apache-2.0,False
jupyterlab/jupyterlab,,@stdlib/string,Apache-2.0,False
jupyterlab/jupyterlab,,@stdlib/blas,Apache-2.0,False
jupyterlab/jupyterlab,,@stdlib/array,Apache-2.0,False
jupyterlab/jupyterlab,,@stdlib/random,Apache-2.0,False
jupyterlab/jupyterlab,,@stdlib/constants,Apache-2.0,False
jupyterlab/jupyterlab,,@stdlib/math,Apache-2.0,False
jupyterlab/jupyterlab,,@stdlib/symbol,Apache-2.0,False
jupyterlab/jupyterlab,,abort-controller,unknown,False
jupyterlab/jupyterlab,,event-target-shim,MIT,False
jupyterlab/jupyterlab,,d3-geo-projection,ISC,False
jupyterlab/jupyterlab,,object.entries,unknown,False
jupyterlab/jupyterlab,,@lumino/datagrid,unknown,False
jupyterlab/jupyterlab,,define-data-property,MIT,False
jupyterlab/jupyterlab,,object-keys,MIT,False
jupyterlab/jupyterlab,,gopd,MIT,False
jupyterlab/jupyterlab,,es-object-atoms,MIT,False
jupyterlab/jupyterlab,,call-bind-apply-helpers,MIT,False
jupyterlab/jupyterlab,,math-intrinsics,MIT,False
jupyterlab/jupyterlab,,es-define-property,MIT,False
jupyterlab/jupyterlab,,get-proto,MIT,False
jupyterlab/jupyterlab,,media-typer,MIT,False
jupyterlab/jupyterlab,,jake,unknown,False
jupyterlab/jupyterlab,,filelist,Apache-2.0,False
jupyterlab/jupyterlab,,async,MIT,False
jupyterlab/jupyterlab,,pirates,MIT,False
jupyterlab/jupyterlab,,babel-plugin-istanbul,BSD-3-Clause,False
jupyterlab/jupyterlab,,@babel/core,MIT,False
jupyterlab/jupyterlab,,is-symbol,unknown,False
jupyterlab/jupyterlab,,thenify,unknown,False
jupyterlab/jupyterlab,,@gerrit0/mini-shiki,unknown,False
jupyterlab/jupyterlab,,@shikijs/vscode-textmate,MIT,False
jupyterlab/jupyterlab,,@shikijs/types,MIT,False
jupyterlab/jupyterlab,,@shikijs/engine-oniguruma,MIT,False
jupyterlab/jupyterlab,,regexpu-core,unknown,False
jupyterlab/jupyterlab,,regenerate,MIT,False
jupyterlab/jupyterlab,,regjsparser,BSD-2-Clause,False
jupyterlab/jupyterlab,,unicode-match-property-value-ecmascript,MIT,False
jupyterlab/jupyterlab,,regenerate-unicode-properties,MIT,False
jupyterlab/jupyterlab,,@babel/regjsgen,MIT,False
jupyterlab/jupyterlab,,unicode-match-property-ecmascript,MIT,False
jupyterlab/jupyterlab,,@nrwl/devkit,unknown,False
jupyterlab/jupyterlab,,@octokit/graphql,unknown,False
jupyterlab/jupyterlab,,universal-user-agent,ISC,False
jupyterlab/jupyterlab,,@octokit/request,MIT,False
jupyterlab/jupyterlab,,pino,MIT,False
jupyterlab/jupyterlab,,@verdaccio/logger-commons,MIT,False
jupyterlab/jupyterlab,,git-up,unknown,False
jupyterlab/jupyterlab,,parse-url,MIT,False
jupyterlab/jupyterlab,,is-ssh,MIT,False
jupyterlab/jupyterlab,,npm-run-path,unknown,False
jupyterlab/jupyterlab,,sonic-boom,unknown,False
jupyterlab/jupyterlab,,atomic-sleep,MIT,False
jupyterlab/jupyterlab,,jest-config,unknown,False
jupyterlab/jupyterlab,,ci-info,MIT,False
jupyterlab/jupyterlab,,jest-circus,MIT,False
jupyterlab/jupyterlab,,jest-validate,MIT,False
jupyterlab/jupyterlab,,babel-jest,MIT,False
jupyterlab/jupyterlab,,jest-runner,MIT,False
jupyterlab/jupyterlab,,@jest/test-sequencer,MIT,False
jupyterlab/jupyterlab,,strip-json-comments,MIT,False
jupyterlab/jupyterlab,,figures,unknown,False
jupyterlab/jupyterlab,,is-generator-fn,MIT,False
jupyterlab/jupyterlab,,co,MIT,False
jupyterlab/jupyterlab,,pure-rand,MIT,False
jupyterlab/jupyterlab,,stack-utils,MIT,False
jupyterlab/jupyterlab,,jest-each,MIT,False
jupyterlab/jupyterlab,,jest-matcher-utils,MIT,False
jupyterlab/jupyterlab,,cors,unknown,False
jupyterlab/jupyterlab,,aggregate-error,unknown,False
jupyterlab/jupyterlab,,indent-string,MIT,False
jupyterlab/jupyterlab,,clean-stack,MIT,False
jupyterlab/jupyterlab,,@babel/helpers,unknown,False
jupyterlab/jupyterlab,,@babel/template,MIT,False
jupyterlab/jupyterlab,,unique-slug,unknown,False
jupyterlab/jupyterlab,,before-after-hook,Apache-2.0,False
jupyterlab/jupyterlab,,@octokit/request-error,MIT,False
jupyterlab/jupyterlab,,lower-case,unknown,False
jupyterlab/jupyterlab,,@pkgr/utils,unknown,False
jupyterlab/jupyterlab,,open,MIT,False
jupyterlab/jupyterlab,,verdaccio,unknown,False
jupyterlab/jupyterlab,,kleur,MIT,False
jupyterlab/jupyterlab,,@verdaccio/streams,MIT,False
jupyterlab/jupyterlab,,fast-safe-stringify,MIT,False
jupyterlab/jupyterlab,,mime,MIT,False
jupyterlab/jupyterlab,,express-rate-limit,MIT,False
jupyterlab/jupyterlab,,pkginfo,MIT,False
jupyterlab/jupyterlab,,handlebars,MIT,False
jupyterlab/jupyterlab,,clipanion,MIT,False
jupyterlab/jupyterlab,,@verdaccio/config,MIT,False
jupyterlab/jupyterlab,,@verdaccio/logger-7,MIT,False
jupyterlab/jupyterlab,,jsonwebtoken,MIT,False
jupyterlab/jupyterlab,,@verdaccio/search-indexer,MIT,False
jupyterlab/jupyterlab,,@cypress/request,Apache-2.0,False
jupyterlab/jupyterlab,,@verdaccio/local-storage-legacy,MIT,False
jupyterlab/jupyterlab,,@verdaccio/url,MIT,False
jupyterlab/jupyterlab,,validator,MIT,False
jupyterlab/jupyterlab,,verdaccio-audit,MIT,False
jupyterlab/jupyterlab,,@verdaccio/signature,MIT,False
jupyterlab/jupyterlab,,@verdaccio/auth,MIT,False
jupyterlab/jupyterlab,,@verdaccio/tarball,MIT,False
jupyterlab/jupyterlab,,@verdaccio/middleware,MIT,False
jupyterlab/jupyterlab,,@verdaccio/ui-theme,MIT,False
jupyterlab/jupyterlab,,tmp,unknown,False
jupyterlab/jupyterlab,,copy-webpack-plugin,unknown,False
jupyterlab/jupyterlab,,@eslint-community/eslint-utils,MIT,False
jupyterlab/jupyterlab,,@types/semver,MIT,False
jupyterlab/jupyterlab,,resolve-alpn,MIT,False
jupyterlab/jupyterlab,,node-gyp,unknown,False
jupyterlab/jupyterlab,,nopt,ISC,False
jupyterlab/jupyterlab,,env-paths,MIT,False
jupyterlab/jupyterlab,,make-fetch-happen,ISC,False
jupyterlab/jupyterlab,,ora,unknown,False
jupyterlab/jupyterlab,,is-interactive,MIT,False
jupyterlab/jupyterlab,,is-unicode-supported,MIT,False
jupyterlab/jupyterlab,,cli-spinners,MIT,False
jupyterlab/jupyterlab,,wcwidth,MIT,False
jupyterlab/jupyterlab,,log-symbols,MIT,False
jupyterlab/jupyterlab,,cli-cursor,MIT,False
jupyterlab/jupyterlab,,istanbul-lib-source-maps,unknown,False
jupyterlab/jupyterlab,,unique-filename,unknown,False
jupyterlab/jupyterlab,,ono,unknown,False
jupyterlab/jupyterlab,,format-util,MIT,False
jupyterlab/jupyterlab,,esutils,BSD-2-Clause,False
jupyterlab/jupyterlab,,hosted-git-info,unknown,False
jupyterlab/jupyterlab,,regenerator-runtime,MIT,False
jupyterlab/jupyterlab,,pumpify,unknown,False
jupyterlab/jupyterlab,,clean-css,unknown,False
jupyterlab/jupyterlab,,strip-indent,MIT,False
jupyterlab/jupyterlab,,chownr,ISC,False
jupyterlab/jupyterlab,,simple-swizzle,unknown,False
jupyterlab/jupyterlab,,is-arrayish,MIT,False
jupyterlab/jupyterlab,,@iconify/utils,unknown,False
jupyterlab/jupyterlab,,@iconify/types,MIT,False
jupyterlab/jupyterlab,,kolorist,MIT,False
jupyterlab/jupyterlab,,@antfu/install-pkg,MIT,False
jupyterlab/jupyterlab,,globals,MIT,False
jupyterlab/jupyterlab,,@antfu/utils,MIT,False
jupyterlab/jupyterlab,,toidentifier,MIT,False
jupyterlab/jupyterlab,,array-buffer-byte-length,unknown,False
jupyterlab/jupyterlab,,is-array-buffer,MIT,False
jupyterlab/jupyterlab,,d3-delaunay,unknown,False
jupyterlab/jupyterlab,,delaunator,ISC,False
jupyterlab/jupyterlab,,@stdlib/fs,unknown,False
jupyterlab/jupyterlab,,@stdlib/process,Apache-2.0,False
jupyterlab/jupyterlab,,css-select,unknown,False
jupyterlab/jupyterlab,,css-what,BSD-2-Clause,False
jupyterlab/jupyterlab,,@lezer/xml,unknown,False
jupyterlab/jupyterlab,,proc-log,ISC,False
jupyterlab/jupyterlab,,minipass-flush,unknown,False
jupyterlab/jupyterlab,,array-union,MIT,False
jupyterlab/jupyterlab,,@types/glob,MIT,False
jupyterlab/jupyterlab,,@npmcli/move-file,unknown,False
jupyterlab/jupyterlab,,@ampproject/remapping,unknown,False
jupyterlab/jupyterlab,,unbox-primitive,unknown,False
jupyterlab/jupyterlab,,has-bigints,MIT,False
jupyterlab/jupyterlab,,safe-regex-test,unknown,False
jupyterlab/jupyterlab,,levn,unknown,False
jupyterlab/jupyterlab,,require-directory,MIT,False
jupyterlab/jupyterlab,,y18n,ISC,False
jupyterlab/jupyterlab,,get-caller-file,ISC,False
jupyterlab/jupyterlab,,cliui,ISC,False
jupyterlab/jupyterlab,,socks,unknown,False
jupyterlab/jupyterlab,,smart-buffer,MIT,False
jupyterlab/jupyterlab,,ip,MIT,False
jupyterlab/jupyterlab,,is-obj,MIT,False
jupyterlab/jupyterlab,,gitconfiglocal,unknown,False
jupyterlab/jupyterlab,,git-remote-origin-url,unknown,False
jupyterlab/jupyterlab,,streamx,unknown,False
jupyterlab/jupyterlab,,bare-events,Apache-2.0,False
jupyterlab/jupyterlab,,fast-fifo,MIT,False
jupyterlab/jupyterlab,,text-decoder,Apache-2.0,False
jupyterlab/jupyterlab,,set-function-length,unknown,False
jupyterlab/jupyterlab,,roughjs,unknown,False
jupyterlab/jupyterlab,,hachure-fill,MIT,False
jupyterlab/jupyterlab,,package-manager-detector,unknown,False
jupyterlab/jupyterlab,,stylelint-prettier,unknown,False
jupyterlab/jupyterlab,,prettier-linter-helpers,MIT,False
jupyterlab/jupyterlab,,spdx-correct,Apache-2.0,False
jupyterlab/jupyterlab,,spdx-expression-parse,MIT,False
jupyterlab/jupyterlab,,b4a,Apache-2.0,False
jupyterlab/jupyterlab,,vega-voronoi,unknown,False
jupyterlab/jupyterlab,,conventional-changelog-preset-loader,MIT,False
jupyterlab/jupyterlab,,@stdlib/number,Apache-2.0,False
jupyterlab/jupyterlab,,@stdlib/strided,Apache-2.0,False
jupyterlab/jupyterlab,,conventional-changelog-writer,MIT,False
jupyterlab/jupyterlab,,dateformat,MIT,False
jupyterlab/jupyterlab,,get-pkg-repo,MIT,False
jupyterlab/jupyterlab,,add-stream,MIT,False
jupyterlab/jupyterlab,,@yarnpkg/core,unknown,False
jupyterlab/jupyterlab,,@arcanis/slice-ansi,MIT,False
jupyterlab/jupyterlab,,diff,BSD-3-Clause,False
jupyterlab/jupyterlab,,@types/treeify,MIT,False
jupyterlab/jupyterlab,,@yarnpkg/shell,BSD-2-Clause,False
jupyterlab/jupyterlab,,@yarnpkg/parsers,BSD-2-Clause,False
jupyterlab/jupyterlab,,dotenv,BSD-2-Clause,False
jupyterlab/jupyterlab,,tunnel,MIT,False
jupyterlab/jupyterlab,,tinylogic,MIT,False
jupyterlab/jupyterlab,,treeify,MIT,False
jupyterlab/jupyterlab,,json-schema-to-typescript,unknown,False
jupyterlab/jupyterlab,,json-stringify-safe,ISC,False
jupyterlab/jupyterlab,,json-schema-ref-parser,MIT,False
jupyterlab/jupyterlab,,prettier,MIT,False
jupyterlab/jupyterlab,,@types/is-glob,MIT,False
jupyterlab/jupyterlab,,@types/mkdirp,MIT,False
jupyterlab/jupyterlab,,@types/prettier,MIT,False
jupyterlab/jupyterlab,,stdin,MIT,False
jupyterlab/jupyterlab,,side-channel,unknown,False
jupyterlab/jupyterlab,,typed-array-byte-offset,unknown,False
jupyterlab/jupyterlab,,for-each,MIT,False
jupyterlab/jupyterlab,,available-typed-arrays,MIT,False
jupyterlab/jupyterlab,,flat-cache,MIT,False
jupyterlab/jupyterlab,,@lezer/php,unknown,False
jupyterlab/jupyterlab,,jest-docblock,unknown,False
jupyterlab/jupyterlab,,ecc-jsbn,unknown,False
jupyterlab/jupyterlab,,jsbn,MIT,False
jupyterlab/jupyterlab,,vega-lite,unknown,False
jupyterlab/jupyterlab,,clone,MIT,False
jupyterlab/jupyterlab,,@types/clone,MIT,False
jupyterlab/jupyterlab,,vega-event-selector,BSD-3-Clause,False
jupyterlab/jupyterlab,,esniff,unknown,False
jupyterlab/jupyterlab,,@hutson/parse-repository-url,Apache-2.0,False
jupyterlab/jupyterlab,,d3-timer,ISC,False
jupyterlab/jupyterlab,,d3-polygon,ISC,False
jupyterlab/jupyterlab,,d3-zoom,ISC,False
jupyterlab/jupyterlab,,d3-selection,ISC,False
jupyterlab/jupyterlab,,d3-drag,ISC,False
jupyterlab/jupyterlab,,d3-interpolate,ISC,False
jupyterlab/jupyterlab,,d3-chord,ISC,False
jupyterlab/jupyterlab,,d3-dispatch,ISC,False
jupyterlab/jupyterlab,,d3-fetch,ISC,False
jupyterlab/jupyterlab,,d3-axis,ISC,False
jupyterlab/jupyterlab,,d3-ease,BSD-3-Clause,False
jupyterlab/jupyterlab,,d3-force,ISC,False
jupyterlab/jupyterlab,,d3-time,ISC,False
jupyterlab/jupyterlab,,d3-time-format,ISC,False
jupyterlab/jupyterlab,,d3-format,ISC,False
jupyterlab/jupyterlab,,d3-quadtree,ISC,False
jupyterlab/jupyterlab,,d3-contour,ISC,False
jupyterlab/jupyterlab,,d3-brush,ISC,False
jupyterlab/jupyterlab,,d3-scale,ISC,False
jupyterlab/jupyterlab,,d3-random,ISC,False
jupyterlab/jupyterlab,,d3-dsv,ISC,False
jupyterlab/jupyterlab,,d3-transition,ISC,False
jupyterlab/jupyterlab,,d3-hierarchy,ISC,False
jupyterlab/jupyterlab,,d3-scale-chromatic,ISC,False
jupyterlab/jupyterlab,,react-base16-styling,unknown,False
jupyterlab/jupyterlab,,@types/lodash,MIT,False
jupyterlab/jupyterlab,,lodash.curry,MIT,False
jupyterlab/jupyterlab,,color,MIT,False
jupyterlab/jupyterlab,,@types/base16,MIT,False
jupyterlab/jupyterlab,,base16,MIT,False
jupyterlab/jupyterlab,,ext,unknown,False
jupyterlab/jupyterlab,,rc,unknown,False
jupyterlab/jupyterlab,,deep-extend,MIT,False
jupyterlab/jupyterlab,,default-browser,unknown,False
jupyterlab/jupyterlab,,titleize,MIT,False
jupyterlab/jupyterlab,,default-browser-id,MIT,False
jupyterlab/jupyterlab,,cytoscape-cose-bilkent,unknown,False
jupyterlab/jupyterlab,,minipass-collect,unknown,False
jupyterlab/jupyterlab,,foreground-child,ISC,False
jupyterlab/jupyterlab,,jackspeak,BlueOak-1.0.0,False
jupyterlab/jupyterlab,,@octokit/endpoint,MIT,False
jupyterlab/jupyterlab,,restore-cursor,unknown,False
jupyterlab/jupyterlab,,ejs,Apache-2.0,False
jupyterlab/jupyterlab,,@codemirror/lint,MIT,False
jupyterlab/jupyterlab,,identity-obj-proxy,unknown,False
jupyterlab/jupyterlab,,harmony-reflect,Apache-2.0 OR MPL-1.1 OR (Apache-2.0 AND MPL-1.1),False
jupyterlab/jupyterlab,,@npmcli/promise-spawn,ISC,False
jupyterlab/jupyterlab,,@npmcli/node-gyp,ISC,False
jupyterlab/jupyterlab,,regexp.prototype.flags,unknown,False
jupyterlab/jupyterlab,,set-function-name,MIT,False
jupyterlab/jupyterlab,,typed-array-byte-length,unknown,False
jupyterlab/jupyterlab,,vega-crossfilter,unknown,False
jupyterlab/jupyterlab,,@types/inquirer,unknown,False
jupyterlab/jupyterlab,,rxjs,Apache-2.0,False
jupyterlab/jupyterlab,,dompurify,unknown,False
jupyterlab/jupyterlab,,json-parse-better-errors,MIT,False
jupyterlab/jupyterlab,,null-loader,unknown,False
jupyterlab/jupyterlab,,https-proxy-agent,MIT,False
jupyterlab/jupyterlab,,gunzip-maybe,MIT,False
jupyterlab/jupyterlab,,chevrotain,unknown,False
jupyterlab/jupyterlab,,@chevrotain/types,Apache-2.0,False
jupyterlab/jupyterlab,,@chevrotain/utils,Apache-2.0,False
jupyterlab/jupyterlab,,@chevrotain/cst-dts-gen,Apache-2.0,False
jupyterlab/jupyterlab,,@chevrotain/regexp-to-ast,Apache-2.0,False
jupyterlab/jupyterlab,,@chevrotain/gast,Apache-2.0,False
jupyterlab/jupyterlab,,csso,unknown,False
jupyterlab/jupyterlab,,@types/jest,unknown,False
jupyterlab/jupyterlab,,wrap-ansi,unknown,False
jupyterlab/jupyterlab,,tough-cookie,unknown,False
jupyterlab/jupyterlab,,psl,MIT,False
jupyterlab/jupyterlab,,style-mod,MIT,False
jupyterlab/jupyterlab,,w3c-keyname,MIT,False
jupyterlab/jupyterlab,,@stdlib/streams,Apache-2.0,False
jupyterlab/jupyterlab,,@stdlib/nlp,Apache-2.0,False
jupyterlab/jupyterlab,,@stdlib/regexp,Apache-2.0,False
jupyterlab/jupyterlab,,read,unknown,False
jupyterlab/jupyterlab,,mute-stream,ISC,False
jupyterlab/jupyterlab,,param-case,unknown,False
jupyterlab/jupyterlab,,vega-encode,unknown,False
jupyterlab/jupyterlab,,gauge,unknown,False
jupyterlab/jupyterlab,,wide-align,ISC,False
jupyterlab/jupyterlab,,aproba,ISC,False
jupyterlab/jupyterlab,,color-support,ISC,False
jupyterlab/jupyterlab,,console-control-strings,ISC,False
jupyterlab/jupyterlab,,vega-time,unknown,False
jupyterlab/jupyterlab,,@stdlib/buffer,unknown,False
jupyterlab/jupyterlab,,path,unknown,False
jupyterlab/jupyterlab,,@humanwhocodes/config-array,unknown,False
jupyterlab/jupyterlab,,@humanwhocodes/object-schema,BSD-3-Clause,False
jupyterlab/jupyterlab,,renderkid,MIT,False
jupyterlab/jupyterlab,,@mermaid-js/parser,unknown,False
jupyterlab/jupyterlab,,langium,MIT,False
jupyterlab/jupyterlab,,doctrine,unknown,False
jupyterlab/jupyterlab,,istanbul-lib-instrument,unknown,False
jupyterlab/jupyterlab,,cacache,unknown,False
jupyterlab/jupyterlab,,promise-inflight,ISC,False
jupyterlab/jupyterlab,,infer-owner,ISC,False
jupyterlab/jupyterlab,,@npmcli/fs,ISC,False
jupyterlab/jupyterlab,,process-warning,MIT,False
jupyterlab/jupyterlab,,quick-format-unescaped,MIT,False
jupyterlab/jupyterlab,,pino-std-serializers,MIT,False
jupyterlab/jupyterlab,,on-exit-leak-free,MIT,False
jupyterlab/jupyterlab,,fast-redact,MIT,False
jupyterlab/jupyterlab,,safe-stable-stringify,MIT,False
jupyterlab/jupyterlab,,@lezer/json,unknown,False
jupyterlab/jupyterlab,,registry-url,unknown,False
jupyterlab/jupyterlab,,registry-auth-token,unknown,False
jupyterlab/jupyterlab,,are-we-there-yet,unknown,False
jupyterlab/jupyterlab,,delegates,MIT,False
jupyterlab/jupyterlab,,sshpk,unknown,False
jupyterlab/jupyterlab,,getpass,MIT,False
jupyterlab/jupyterlab,,asn1,MIT,False
jupyterlab/jupyterlab,,dashdash,MIT,False
jupyterlab/jupyterlab,,@types/stack-utils,MIT,False
jupyterlab/jupyterlab,,@types/graceful-fs,unknown,False
jupyterlab/jupyterlab,,vega-parser,unknown,False
jupyterlab/jupyterlab,,vega-functions,BSD-3-Clause,False
jupyterlab/jupyterlab,,@types/ws,unknown,False
jupyterlab/jupyterlab,,esprima,BSD-2-Clause AND BSD-3-Clause,False
jupyterlab/jupyterlab,,istanbul-reports,unknown,False
jupyterlab/jupyterlab,,html-escaper,MIT,False
jupyterlab/jupyterlab,,regexp-match-indices,unknown,False
jupyterlab/jupyterlab,,regexp-tree,MIT,False
jupyterlab/jupyterlab,,@types/lodash.escape,unknown,False
jupyterlab/jupyterlab,,lodash.truncate,MIT,False
jupyterlab/jupyterlab,,webpack-bundle-analyzer,unknown,False
jupyterlab/jupyterlab,,opener,MIT OR WTFPL OR (MIT AND WTFPL),False
jupyterlab/jupyterlab,,sirv,MIT,False
jupyterlab/jupyterlab,,acorn-walk,MIT,False
jupyterlab/jupyterlab,,@types/minimatch,MIT,False
jupyterlab/jupyterlab,,eventemitter3,MIT,False
jupyterlab/jupyterlab,,p-timeout,MIT,False
jupyterlab/jupyterlab,,@stdlib/complex,Apache-2.0,False
jupyterlab/jupyterlab,,@stdlib/bigint,Apache-2.0,False
jupyterlab/jupyterlab,,is-inside-container,unknown,False
jupyterlab/jupyterlab,,is-docker,MIT,False
jupyterlab/jupyterlab,,speech-rule-engine,unknown,False
jupyterlab/jupyterlab,,xmldom-sre,MIT OR LGPL-2.0-only,False
jupyterlab/jupyterlab,,wicked-good-xpath,MIT,False
jupyterlab/jupyterlab,,@babel/traverse,unknown,False
jupyterlab/jupyterlab,,@babel/generator,MIT,False
jupyterlab/jupyterlab,,pascal-case,unknown,False
jupyterlab/jupyterlab,,@octokit/openapi-types,MIT,False
jupyterlab/jupyterlab,,@types/fs-extra,unknown,False
jupyterlab/jupyterlab,,camel-case,unknown,False
jupyterlab/jupyterlab,,typedoc,unknown,False
jupyterlab/jupyterlab,,lunr,MIT,False
jupyterlab/jupyterlab,,yaml,ISC,False
jupyterlab/jupyterlab,,markdown-it,MIT,False
jupyterlab/jupyterlab,,string.prototype.trimstart,unknown,False
jupyterlab/jupyterlab,,@sigstore/tuf,unknown,False
jupyterlab/jupyterlab,,@sigstore/protobuf-specs,Apache-2.0,False
jupyterlab/jupyterlab,,tuf-js,MIT,False
jupyterlab/jupyterlab,,vega-transforms,unknown,False
jupyterlab/jupyterlab,,unpipe,MIT,False
jupyterlab/jupyterlab,,babel-preset-current-node-syntax,MIT,False
jupyterlab/jupyterlab,,@babel/plugin-syntax-jsx,MIT,False
jupyterlab/jupyterlab,,@babel/plugin-syntax-typescript,MIT,False
jupyterlab/jupyterlab,,is-lambda,MIT,False
jupyterlab/jupyterlab,,socks-proxy-agent,MIT,False
jupyterlab/jupyterlab,,agentkeepalive,MIT,False
jupyterlab/jupyterlab,,@pkgjs/parseargs,Apache-2.0 AND MIT,False
jupyterlab/jupyterlab,,@isaacs/cliui,ISC,False
jupyterlab/jupyterlab,,babel-preset-jest,unknown,False
jupyterlab/jupyterlab,,babel-plugin-jest-hoist,MIT,False
jupyterlab/jupyterlab,,synckit,unknown,False
jupyterlab/jupyterlab,,tldts,unknown,False
jupyterlab/jupyterlab,,tldts-core,MIT,False
jupyterlab/jupyterlab,,unicode-property-aliases-ecmascript,MIT,False
jupyterlab/jupyterlab,,unicode-canonical-property-names-ecmascript,MIT,False
jupyterlab/jupyterlab,,os-tmpdir,MIT,False
jupyterlab/jupyterlab,,buffer,MIT,False
jupyterlab/jupyterlab,,lowdb,MIT,False
jupyterlab/jupyterlab,,ipaddr.js,MIT,False
jupyterlab/jupyterlab,,forwarded,MIT,False
jupyterlab/jupyterlab,,dagre-d3-es,unknown,False
jupyterlab/jupyterlab,,@codemirror/lang-python,unknown,False
jupyterlab/jupyterlab,,@lezer/python,MIT,False
jupyterlab/jupyterlab,,@polka/url,MIT,False
jupyterlab/jupyterlab,,totalist,MIT,False
jupyterlab/jupyterlab,,mrmime,MIT,False
jupyterlab/jupyterlab,,json-buffer,MIT,False
jupyterlab/jupyterlab,,ieee754,BSD-3-Clause,False
jupyterlab/jupyterlab,,base64-js,MIT,False
jupyterlab/jupyterlab,,browserify-zlib,unknown,False
jupyterlab/jupyterlab,,pako,MIT,False
jupyterlab/jupyterlab,,jest-cli,unknown,False
jupyterlab/jupyterlab,,exit,MIT,False
jupyterlab/jupyterlab,,@jest/core,MIT,False
jupyterlab/jupyterlab,,prompts,MIT,False
jupyterlab/jupyterlab,,string.prototype.trim,MIT,False
jupyterlab/jupyterlab,,is-shared-array-buffer,MIT,False
jupyterlab/jupyterlab,,es-to-primitive,MIT,False
jupyterlab/jupyterlab,,is-negative-zero,MIT,False
jupyterlab/jupyterlab,,string.prototype.trimend,MIT,False
jupyterlab/jupyterlab,,object.assign,MIT,False
jupyterlab/jupyterlab,,is-callable,MIT,False
jupyterlab/jupyterlab,,get-symbol-description,MIT,False
jupyterlab/jupyterlab,,arraybuffer.prototype.slice,MIT,False
jupyterlab/jupyterlab,,is-string,MIT,False
jupyterlab/jupyterlab,,typed-array-length,MIT,False
jupyterlab/jupyterlab,,vega-runtime,unknown,False
jupyterlab/jupyterlab,,callsites,MIT,False
jupyterlab/jupyterlab,,escodegen,unknown,False
jupyterlab/jupyterlab,,optionator,MIT,False
jupyterlab/jupyterlab,,whatwg-encoding,unknown,False
jupyterlab/jupyterlab,,@rjsf/validator-ajv8,unknown,False
jupyterlab/jupyterlab,,pino-abstract-transport,unknown,False
jupyterlab/jupyterlab,,vega-format,unknown,False
jupyterlab/jupyterlab,,saxes,unknown,False
jupyterlab/jupyterlab,,xmlchars,MIT,False
jupyterlab/jupyterlab,,untildify,MIT,False
jupyterlab/jupyterlab,,bplist-parser,MIT,False
jupyterlab/jupyterlab,,domexception,unknown,False
jupyterlab/jupyterlab,,@istanbuljs/load-nyc-config,ISC,False
jupyterlab/jupyterlab,,@types/yargs-parser,MIT,False
jupyterlab/jupyterlab,,robust-predicates,Unlicense,False
jupyterlab/jupyterlab,,@nx/nx-win32-x64-msvc,MIT,False
jupyterlab/jupyterlab,,@nx/nx-darwin-x64,MIT,False
jupyterlab/jupyterlab,,@nx/nx-linux-x64-gnu,MIT,False
jupyterlab/jupyterlab,,@parcel/watcher,MIT,False
jupyterlab/jupyterlab,,v8-compile-cache,MIT,False
jupyterlab/jupyterlab,,@nx/nx-freebsd-x64,MIT,False
jupyterlab/jupyterlab,,@nx/nx-linux-arm-gnueabihf,MIT,False
jupyterlab/jupyterlab,,jsonc-parser,MIT,False
jupyterlab/jupyterlab,,@nx/nx-win32-arm64-msvc,MIT,False
jupyterlab/jupyterlab,,@nx/nx-linux-x64-musl,MIT,False
jupyterlab/jupyterlab,,@yarnpkg/lockfile,BSD-2-Clause,False
jupyterlab/jupyterlab,,@nx/nx-linux-arm64-gnu,MIT,False
jupyterlab/jupyterlab,,tsconfig-paths,MIT,False
jupyterlab/jupyterlab,,@nx/nx-linux-arm64-musl,MIT,False
jupyterlab/jupyterlab,,@nx/nx-darwin-arm64,MIT,False
jupyterlab/jupyterlab,,@npmcli/installed-package-contents,unknown,False
jupyterlab/jupyterlab,,is-gzip,MIT,False
jupyterlab/jupyterlab,,is-deflate,MIT,False
jupyterlab/jupyterlab,,is-number-object,unknown,False
jupyterlab/jupyterlab,,grapheme-splitter,MIT,False
jupyterlab/jupyterlab,,symbol-tree,MIT,False
jupyterlab/jupyterlab,,nwsapi,MIT,False
jupyterlab/jupyterlab,,html-encoding-sniffer,MIT,False
jupyterlab/jupyterlab,,acorn-globals,MIT,False
jupyterlab/jupyterlab,,cssom,MIT,False
jupyterlab/jupyterlab,,decimal.js,MIT,False
jupyterlab/jupyterlab,,is-potential-custom-element-name,MIT,False
jupyterlab/jupyterlab,,cssstyle,MIT,False
jupyterlab/jupyterlab,,vscode-languageserver-protocol,unknown,False
jupyterlab/jupyterlab,,vscode-jsonrpc,MIT,False
jupyterlab/jupyterlab,,vscode-languageserver-types,MIT,False
jupyterlab/jupyterlab,,http-signature,unknown,False
jupyterlab/jupyterlab,,char-regex,MIT,False
jupyterlab/jupyterlab,,get-package-type,MIT,False
jupyterlab/jupyterlab,,vega-label,unknown,False
jupyterlab/jupyterlab,,@codemirror/lang-xml,unknown,False
jupyterlab/jupyterlab,,steno,MIT,False
jupyterlab/jupyterlab,,node-addon-api,MIT,False
jupyterlab/jupyterlab,,node-gyp-build,MIT,False
jupyterlab/jupyterlab,,object.fromentries,unknown,False
jupyterlab/jupyterlab,,bser,unknown,False
jupyterlab/jupyterlab,,node-int64,MIT,False
jupyterlab/jupyterlab,,deprecation,ISC,False
jupyterlab/jupyterlab,,eslint-plugin-jest,unknown,False
jupyterlab/jupyterlab,,strip-final-newline,MIT,False
jupyterlab/jupyterlab,,human-signals,Apache-2.0,False
jupyterlab/jupyterlab,,@lezer/cpp,unknown,False
jupyterlab/jupyterlab,,color-string,unknown,False
jupyterlab/jupyterlab,,wordwrap,MIT,False
jupyterlab/jupyterlab,,uglify-js,BSD-2-Clause,False
jupyterlab/jupyterlab,,jsesc,MIT,False
jupyterlab/jupyterlab,,@codemirror/lang-sql,unknown,False
jupyterlab/jupyterlab,,functions-have-names,MIT,False
jupyterlab/jupyterlab,,tinyexec,MIT,False
jupyterlab/jupyterlab,,@eslint/eslintrc,unknown,False
jupyterlab/jupyterlab,,min-indent,MIT,False
jupyterlab/jupyterlab,,@npmcli/git,unknown,False
jupyterlab/jupyterlab,,is-wsl,unknown,False
jupyterlab/jupyterlab,,string.prototype.matchall,unknown,False
jupyterlab/jupyterlab,,vega-view-transforms,unknown,False
jupyterlab/jupyterlab,,vega-view,unknown,False
jupyterlab/jupyterlab,,he,MIT,False
jupyterlab/jupyterlab,,relateurl,MIT,False
jupyterlab/jupyterlab,,react-json-tree,unknown,False
jupyterlab/jupyterlab,,stylelint-config-standard,unknown,False
jupyterlab/jupyterlab,,stylelint-config-recommended,MIT,False
jupyterlab/jupyterlab,,rw,BSD-3-Clause,False
jupyterlab/jupyterlab,,defaults,MIT,False
jupyterlab/jupyterlab,,ts-jest,unknown,False
jupyterlab/jupyterlab,,make-error,ISC,False
jupyterlab/jupyterlab,,bs-logger,MIT,False
jupyterlab/jupyterlab,,lodash.memoize,MIT,False
jupyterlab/jupyterlab,,dunder-proto,MIT,False
jupyterlab/jupyterlab,,ufo,MIT,False
jupyterlab/jupyterlab,,is-bigint,MIT,False
jupyterlab/jupyterlab,,delayed-stream,MIT,False
jupyterlab/jupyterlab,,@babel/helper-string-parser,MIT,False
jupyterlab/jupyterlab,,sisteransi,MIT,False
jupyterlab/jupyterlab,,@codemirror/lang-java,unknown,False
jupyterlab/jupyterlab,,@aashutoshrathi/word-wrap,MIT,False
jupyterlab/jupyterlab,,deep-is,MIT,False
jupyterlab/jupyterlab,,fast-levenshtein,MIT,False
jupyterlab/jupyterlab,,@codemirror/legacy-modes,unknown,False
jupyterlab/jupyterlab,,@types/keyv,MIT,False
jupyterlab/jupyterlab,,@types/http-cache-semantics,MIT,False
jupyterlab/jupyterlab,,jest,unknown,False
jupyterlab/jupyterlab,,@jest/reporters,unknown,False
jupyterlab/jupyterlab,,@bcoe/v8-coverage,ISC AND MIT,False
jupyterlab/jupyterlab,,external-editor,unknown,False
jupyterlab/jupyterlab,,chardet,MIT,False
jupyterlab/jupyterlab,,@types/lodash.mergewith,unknown,False
jupyterlab/jupyterlab,,vega-force,unknown,False
jupyterlab/jupyterlab,,linkify-it,unknown,False
jupyterlab/jupyterlab,,uc.micro,MIT,False
jupyterlab/jupyterlab,,@codemirror/lang-json,unknown,False
jupyterlab/jupyterlab,,vega,unknown,False
jupyterlab/jupyterlab,,vega-regression,BSD-3-Clause,False
jupyterlab/jupyterlab,,vega-hierarchy,BSD-3-Clause,False
jupyterlab/jupyterlab,,vega-wordcloud,BSD-3-Clause,False
jupyterlab/jupyterlab,,vega-typings,BSD-3-Clause,False
jupyterlab/jupyterlab,,raw-body,unknown,False
jupyterlab/jupyterlab,,eslint-plugin-prettier,unknown,False
jupyterlab/jupyterlab,,vscode-ws-jsonrpc,unknown,False
jupyterlab/jupyterlab,,@stdlib/os,Apache-2.0,False
jupyterlab/jupyterlab,,cytoscape-fcose,unknown,False
jupyterlab/jupyterlab,,@sinonjs/commons,BSD-3-Clause,False
jupyterlab/jupyterlab,,@types/hast,unknown,False
jupyterlab/jupyterlab,,@types/unist,MIT,False
jupyterlab/jupyterlab,,vscode-uri,MIT,False
jupyterlab/jupyterlab,,chevrotain-allstar,MIT,False
jupyterlab/jupyterlab,,vscode-languageserver,MIT,False
jupyterlab/jupyterlab,,vscode-languageserver-textdocument,MIT,False
jupyterlab/jupyterlab,,@typescript-eslint/parser,unknown,False
jupyterlab/jupyterlab,,fsevents,MIT,False
jupyterlab/jupyterlab,,playwright-core,Apache-2.0,False
jupyterlab/jupyterlab,,is-weakmap,MIT,False
jupyterlab/jupyterlab,,is-set,MIT,False
jupyterlab/jupyterlab,,is-map,MIT,False
jupyterlab/jupyterlab,,acorn-import-attributes,MIT,False
jupyterlab/jupyterlab,,@types/micromatch,unknown,False
jupyterlab/jupyterlab,,@types/braces,MIT,False
jupyterlab/jupyterlab,,@stdlib/time,unknown,False
jupyterlab/jupyterlab,,mdurl,MIT,False
jupyterlab/jupyterlab,,punycode.js,MIT,False
jupyterlab/jupyterlab,,dom-converter,unknown,False
jupyterlab/jupyterlab,,utila,MIT,False
jupyterlab/jupyterlab,,run-async,MIT,False
jupyterlab/jupyterlab,,cli-width,ISC,False
jupyterlab/jupyterlab,,call-me-maybe,MIT,False
jupyterlab/jupyterlab,,define-lazy-prop,MIT,False
jupyterlab/jupyterlab,,package-json,unknown,False
jupyterlab/jupyterlab,,@babel/helper-builder-binary-assignment-operator-visitor,MIT,False
jupyterlab/jupyterlab,,text-extensions,MIT,False
jupyterlab/jupyterlab,,fb-watchman,Apache-2.0,False
jupyterlab/jupyterlab,,@babel/helper-explode-assignable-expression,MIT,False
jupyterlab/jupyterlab,,destroy,MIT,False
jupyterlab/jupyterlab,,split,unknown,False
jupyterlab/jupyterlab,,jsx-ast-utils,unknown,False
jupyterlab/jupyterlab,,array-includes,MIT,False
jupyterlab/jupyterlab,,yocto-queue,MIT,False
jupyterlab/jupyterlab,,esquery,unknown,False
jupyterlab/jupyterlab,,spdx-exceptions,CC-BY-3.0,False
jupyterlab/jupyterlab,,spdx-license-ids,CC0-1.0,False
jupyterlab/jupyterlab,,d3-sankey,unknown,False
jupyterlab/jupyterlab,,jws,MIT,False
jupyterlab/jupyterlab,,lodash.includes,CC0-1.0 AND MIT,False
jupyterlab/jupyterlab,,lodash.isboolean,MIT,False
jupyterlab/jupyterlab,,lodash.isstring,MIT,False
jupyterlab/jupyterlab,,lodash.isplainobject,CC0-1.0 AND MIT,False
jupyterlab/jupyterlab,,lodash.isinteger,CC0-1.0 AND MIT,False
jupyterlab/jupyterlab,,lodash.isnumber,MIT,False
jupyterlab/jupyterlab,,lodash.once,CC0-1.0 AND MIT,False
jupyterlab/jupyterlab,,is-typedarray,MIT,False
jupyterlab/jupyterlab,,extend,MIT,False
jupyterlab/jupyterlab,,caseless,Apache-2.0,False
jupyterlab/jupyterlab,,forever-agent,Apache-2.0,False
jupyterlab/jupyterlab,,aws-sign2,Apache-2.0,False
jupyterlab/jupyterlab,,tunnel-agent,Apache-2.0,False
jupyterlab/jupyterlab,,isstream,MIT,False
jupyterlab/jupyterlab,,aws4,MIT,False
jupyterlab/jupyterlab,,performance-now,MIT,False
jupyterlab/jupyterlab,,chokidar,unknown,False
jupyterlab/jupyterlab,,readdirp,MIT,False
jupyterlab/jupyterlab,,@lezer/generator,unknown,False
jupyterlab/jupyterlab,,leven,MIT,False
jupyterlab/jupyterlab,,mathjax-full,unknown,False
jupyterlab/jupyterlab,,mj-context-menu,Apache-2.0,False
jupyterlab/jupyterlab,,mhchemparser,Apache-2.0,False
jupyterlab/jupyterlab,,esm,MIT,False
jupyterlab/jupyterlab,,big-integer,Unlicense,False
jupyterlab/jupyterlab,,gensync,MIT,False
jupyterlab/jupyterlab,,katex,unknown,False
jupyterlab/jupyterlab,,@codemirror/lang-rust,unknown,False
jupyterlab/jupyterlab,,@babel/plugin-syntax-bigint,unknown,False
jupyterlab/jupyterlab,,@babel/plugin-syntax-import-meta,MIT,False
jupyterlab/jupyterlab,,fill-range,MIT,False
jupyterlab/jupyterlab,,jest-changed-files,unknown,False
jupyterlab/jupyterlab,,arrify,MIT,False
jupyterlab/jupyterlab,,set-blocking,ISC,False
jupyterlab/jupyterlab,,flatted,ISC,False
jupyterlab/jupyterlab,,humanize-ms,MIT,False
jupyterlab/jupyterlab,,ee-first,MIT,False
jupyterlab/jupyterlab,,jest-resolve-dependencies,MIT,False
jupyterlab/jupyterlab,,tmpl,BSD-3-Clause,False
jupyterlab/jupyterlab,,svgo,unknown,False
jupyterlab/jupyterlab,,@trysound/sax,ISC,False
jupyterlab/jupyterlab,,to-regex-range,MIT,False
jupyterlab/jupyterlab,,abbrev,ISC,False
jupyterlab/jupyterlab,,promzard,unknown,False
jupyterlab/jupyterlab,,moo-color,unknown,False
jupyterlab/jupyterlab,,object.hasown,unknown,False
jupyterlab/jupyterlab,,sprintf-js,BSD-3-Clause,False
jupyterlab/jupyterlab,,@types/tough-cookie,MIT,False
jupyterlab/jupyterlab,,@verdaccio/logger-prettify,unknown,False
jupyterlab/jupyterlab,,dayjs,MIT,False
jupyterlab/jupyterlab,,type-detect,MIT,False
jupyterlab/jupyterlab,,eslint-plugin-react,unknown,False
jupyterlab/jupyterlab,,word-wrap,MIT,False
jupyterlab/jupyterlab,,strip-ansi-cjs,unknown,False
jupyterlab/jupyterlab,,sigstore,unknown,False
jupyterlab/jupyterlab,,@codemirror/lang-php,unknown,False
jupyterlab/jupyterlab,,fast-diff,Apache-2.0,False
jupyterlab/jupyterlab,,diff-sequences,MIT,False
jupyterlab/jupyterlab,,jest-canvas-mock,unknown,False
jupyterlab/jupyterlab,,cssfontparser,MIT,False
jupyterlab/jupyterlab,,typanion,MIT,False
jupyterlab/jupyterlab,,html-loader,unknown,False
jupyterlab/jupyterlab,,reusify,MIT,False
jupyterlab/jupyterlab,,@types/sanitize-html,unknown,False
jupyterlab/jupyterlab,,fast-uri,BSD-3-Clause,False
jupyterlab/jupyterlab,,resolve.exports,MIT,False
jupyterlab/jupyterlab,,jest-pnp-resolver,MIT,False
jupyterlab/jupyterlab,,internmap,ISC,False
jupyterlab/jupyterlab,,@codemirror/lang-cpp,unknown,False
jupyterlab/jupyterlab,,mermaid,unknown,False
jupyterlab/jupyterlab,,ts-dedent,MIT,False
jupyterlab/jupyterlab,,khroma,MIT,False
jupyterlab/jupyterlab,,@braintree/sanitize-url,MIT,False
jupyterlab/jupyterlab,,stylis,MIT,False
jupyterlab/jupyterlab,,marked,BSD-3-Clause AND LicenseRef-scancode-generic-cla AND MIT,False
jupyterlab/jupyterlab,,cytoscape,MIT,False
jupyterlab/jupyterlab,,array-differ,MIT,False
jupyterlab/jupyterlab,,@gar/promisify,MIT,False
jupyterlab/jupyterlab,,is-number,MIT,False
jupyterlab/jupyterlab,,p-finally,MIT,False
jupyterlab/jupyterlab,,@sinclair/typebox,MIT,False
jupyterlab/jupyterlab,,@codemirror/lang-markdown,unknown,False
jupyterlab/jupyterlab,,eslint,unknown,False
jupyterlab/jupyterlab,,lodash.merge,MIT,False
jupyterlab/jupyterlab,,@humanwhocodes/module-importer,Apache-2.0,False
jupyterlab/jupyterlab,,text-table,MIT,False
jupyterlab/jupyterlab,,@eslint/js,MIT,False
jupyterlab/jupyterlab,,is-path-inside,MIT,False
jupyterlab/jupyterlab,,json-stable-stringify-without-jsonify,MIT,False
jupyterlab/jupyterlab,,@ungap/structured-clone,ISC,False
jupyterlab/jupyterlab,,@jupyterlab/docmanager-extension,unknown,False
jupyterlab/jupyterlab,,@jupyterlab/settingeditor-extension,unknown,False
jupyterlab/jupyterlab,,@jupyterlab/docregistry,unknown,False
jupyterlab/jupyterlab,,@jupyterlab/docmanager,unknown,False
jupyterlab/jupyterlab,,@jupyterlab/apputils-extension,unknown,False
jupyterlab/jupyterlab,,@jupyterlab/help-extension,unknown,False
jupyterlab/jupyterlab,,@jupyterlab/vega5-extension,unknown,False
jupyterlab/jupyterlab,,@jupyterlab/documentsearch,unknown,False
jupyterlab/jupyterlab,,@jupyterlab/json-extension,unknown,False
jupyterlab/jupyterlab,,@jupyterlab/completer-extension,unknown,False
jupyterlab/jupyterlab,,@jupyterlab/rendermime,unknown,False
jupyterlab/jupyterlab,,lodash.escape,MIT,False
jupyterlab/jupyterlab,,@jupyterlab/pluginmanager,unknown,False
jupyterlab/jupyterlab,,@jupyterlab/fileeditor,unknown,False
jupyterlab/jupyterlab,,@jupyterlab/terminal,unknown,False
jupyterlab/jupyterlab,,@xterm/addon-fit,MIT,False
jupyterlab/jupyterlab,,@xterm/addon-canvas,MIT,False
jupyterlab/jupyterlab,,@xterm/xterm,MIT,False
jupyterlab/jupyterlab,,@xterm/addon-webgl,MIT,False
jupyterlab/jupyterlab,,@xterm/addon-web-links,MIT,False
jupyterlab/jupyterlab,,@jupyterlab/property-inspector,unknown,False
jupyterlab/jupyterlab,,@jupyterlab/notebook-extension,unknown,False
jupyterlab/jupyterlab,,@jupyterlab/codemirror-extension,unknown,False
jupyterlab/jupyterlab,,@jupyterlab/settingeditor,unknown,False
jupyterlab/jupyterlab,,@jupyterlab/filebrowser,unknown,False
jupyterlab/jupyterlab,,@jupyterlab/toc,unknown,False
jupyterlab/jupyterlab,,@jupyterlab/celltags-extension,unknown,False
jupyterlab/jupyterlab,,@jupyterlab/lsp,unknown,False
jupyterlab/jupyterlab,,lodash.mergewith,MIT,False
jupyterlab/jupyterlab,,@jupyterlab/workspaces-extension,unknown,False
jupyterlab/jupyterlab,,@jupyterlab/htmlviewer,unknown,False
jupyterlab/jupyterlab,,@jupyterlab/cells,unknown,False
jupyterlab/jupyterlab,,@jupyterlab/codeeditor,unknown,False
jupyterlab/jupyterlab,,@jupyterlab/fileeditor-extension,unknown,False
jupyterlab/jupyterlab,,@jupyterlab/application,unknown,False
jupyterlab/jupyterlab,,@fortawesome/fontawesome-free,CC-BY-4.0 AND MIT AND OFL-1.1,False
jupyterlab/jupyterlab,,@jupyterlab/codemirror,unknown,False
jupyterlab/jupyterlab,,@jupyterlab/logconsole-extension,unknown,False
jupyterlab/jupyterlab,,@jupyterlab/mathjax-extension,unknown,False
jupyterlab/jupyterlab,,@jupyterlab/notebook,unknown,False
jupyterlab/jupyterlab,,type-fest,CC0-1.0 OR MIT OR (CC0-1.0 AND MIT),False
jupyterlab/jupyterlab,,@jupyterlab/shortcuts-extension,unknown,False
jupyterlab/jupyterlab,,@jupyterlab/markedparser-extension,unknown,False
jupyterlab/jupyterlab,,marked-mangle,MIT,False
jupyterlab/jupyterlab,,@jupyterlab/lsp-extension,unknown,False
jupyterlab/jupyterlab,,@jupyterlab/application-extension,unknown,False
jupyterlab/jupyterlab,,@jupyterlab/metadataform,unknown,False
jupyterlab/jupyterlab,,@jupyterlab/buildutils,unknown,False
jupyterlab/jupyterlab,,dependency-graph,MIT,False
jupyterlab/jupyterlab,,crypto,ISC,False
jupyterlab/jupyterlab,,os,MIT,False
jupyterlab/jupyterlab,,@jupyterlab/debugger,unknown,False
jupyterlab/jupyterlab,,@vscode/debugprotocol,MIT,False
jupyterlab/jupyterlab,,@jupyterlab/extensionmanager,unknown,False
jupyterlab/jupyterlab,,@jupyterlab/running-extension,unknown,False
jupyterlab/jupyterlab,,@jupyterlab/running,unknown,False
jupyterlab/jupyterlab,,@jupyterlab/mermaid,unknown,False
jupyterlab/jupyterlab,,com.github.jupyterlab/jupyterlab,unknown,False
jupyterlab/jupyterlab,,@jupyterlab/mainmenu,unknown,False
jupyterlab/jupyterlab,,@jupyterlab/testing,unknown,False
jupyterlab/jupyterlab,,@types/url-parse,unknown,False
jupyterlab/jupyterlab,,@jupyterlab/imageviewer,unknown,False
jupyterlab/jupyterlab,,@jupyterlab/theme-light-extension,unknown,False
jupyterlab/jupyterlab,,@jupyterlab/console,unknown,False
jupyterlab/jupyterlab,,@jupyterlab/tooltip,unknown,False
jupyterlab/jupyterlab,,@types/react-dom,unknown,False
jupyterlab/jupyterlab,,@jupyterlab/pluginmanager-extension,unknown,False
jupyterlab/jupyterlab,,@jupyterlab/pdf-extension,unknown,False
jupyterlab/jupyterlab,,@jupyterlab/filebrowser-extension,unknown,False
jupyterlab/jupyterlab,,@jupyterlab/mainmenu-extension,unknown,False
jupyterlab/jupyterlab,,@jupyterlab/launcher-extension,unknown,False
jupyterlab/jupyterlab,,@jupyterlab/theme-dark-extension,unknown,False
jupyterlab/jupyterlab,,@jupyterlab/htmlviewer-extension,unknown,False
jupyterlab/jupyterlab,,@jupyterlab/console-extension,unknown,False
jupyterlab/jupyterlab,,@jupyterlab/mermaid-extension,unknown,False
jupyterlab/jupyterlab,,@jupyterlab/markdownviewer-extension,unknown,False
jupyterlab/jupyterlab,,@jupyterlab/video-extension,unknown,False
jupyterlab/jupyterlab,,@jupyterlab/theme-dark-high-contrast-extension,unknown,False
jupyterlab/jupyterlab,,@jupyterlab/services-extension,unknown,False
jupyterlab/jupyterlab,,@jupyterlab/statusbar-extension,unknown,False
jupyterlab/jupyterlab,,@jupyterlab/imageviewer-extension,unknown,False
jupyterlab/jupyterlab,,@jupyterlab/debugger-extension,unknown,False
jupyterlab/jupyterlab,,@jupyterlab/translation-extension,unknown,False
jupyterlab/jupyterlab,,@jupyterlab/cell-toolbar-extension,unknown,False
jupyterlab/jupyterlab,,@jupyterlab/javascript-extension,unknown,False
jupyterlab/jupyterlab,,@jupyterlab/tooltip-extension,unknown,False
jupyterlab/jupyterlab,,@jupyterlab/rendermime-extension,unknown,False
jupyterlab/jupyterlab,,@jupyterlab/metadataform-extension,unknown,False
jupyterlab/jupyterlab,,@jupyterlab/terminal-extension,unknown,False
jupyterlab/jupyterlab,,@jupyterlab/ui-components-extension,unknown,False
jupyterlab/jupyterlab,,@jupyterlab/toc-extension,unknown,False
jupyterlab/jupyterlab,,@jupyterlab/inspector-extension,unknown,False
jupyterlab/jupyterlab,,@jupyterlab/hub-extension,unknown,False
jupyterlab/jupyterlab,,@jupyterlab/documentsearch-extension,unknown,False
jupyterlab/jupyterlab,,@jupyterlab/extensionmanager-extension,unknown,False
jupyterlab/jupyterlab,,@jupyterlab/csvviewer-extension,unknown,False
jupyterlab/jupyterlab,,@jupyterlab/audio-extension,unknown,False
jupyterlab/jupyterlab,,@jupyterlab/cell-toolbar,unknown,False
jupyterlab/jupyterlab,,@jupyterlab/logconsole,unknown,False
jupyterlab/jupyterlab,,@types/react-test-renderer,unknown,False
jupyterlab/jupyterlab,,@jupyterlab/inspector,unknown,False
jupyterlab/jupyterlab,,@jupyterlab/completer,unknown,False
jupyterlab/jupyterlab,,@jupyterlab/csvviewer,unknown,False
jupyterlab/jupyterlab,,@jupyterlab/markdownviewer,unknown,False
jupyterlab/jupyterlab,,@jupyterlab/outputarea,unknown,False
jupyterlab/jupyterlab,,@jupyterlab/workspaces,unknown,False
jupyterlab/jupyterlab,,@types/webpack-env,unknown,False
jupyterlab/jupyterlab,,@jupyterlab/testutils,unknown,False
jupyterlab/jupyterlab,,csv-spectrum,unknown,False
jupyterlab/jupyterlab,,@jupyterlab/example-federated-middle,unknown,False
jupyterlab/jupyterlab,,@jupyterlab/mock-token,unknown,False
jupyterlab/jupyterlab,,@types/react-paginate,unknown,False
jupyterlab/jupyterlab,,@types/supports-color,unknown,False
jupyterlab/jupyterlab,,@jupyterlab/nbconvert-css,unknown,False
jupyterlab/jupyterlab,,@jupyterlab/attachments,unknown,False
jupyterlab/jupyterlab,,json-to-html,unknown,False
jupyterlab/jupyterlab,,@types/react-highlight-words,unknown,False
jupyterlab/jupyterlab,,systeminformation,unknown,False
jupyterlab/jupyterlab,,eslint-config-prettier,MIT,False
jupyterlab/jupyterlab,,typedoc-plugin-mdn-links,MIT,False
jupyterlab/jupyterlab,,stylelint-config-prettier,MIT,False
jupyterlab/jupyterlab,,jupyterlab/maintainer-tools/.github/actions/base-setup,unknown,False
jupyterlab/jupyterlab,,jupyter-server/jupyter_releaser/.github/actions/prep-release,unknown,False
jupyterlab/jupyterlab,,actions/upload-artifact,unknown,False
jupyterlab/jupyterlab,,jupyterlab/maintainer-tools/.github/actions/update-snapshots,unknown,False
jupyterlab/jupyterlab,,actions/checkout,unknown,False
jupyterlab/jupyterlab,,jupyter-server/jupyter_releaser/.github/actions/publish-changelog,unknown,False
jupyterlab/jupyterlab,,jupyter-server/jupyter_releaser/.github/actions/populate-release,unknown,False
jupyterlab/jupyterlab,,jupyter-server/jupyter_releaser/.github/actions/finalize-release,unknown,False
jupyterlab/jupyterlab,,iterative/setup-cml,unknown,False
jupyterlab/jupyterlab,,actions/cache,unknown,False
jupyterlab/jupyterlab,,jupyter-server/jupyter_releaser/.github/actions/check-release,unknown,False
jupyterlab/jupyterlab,,actions/create-github-app-token,unknown,False
jupyterlab/jupyterlab,,toshimaru/auto-author-assign,unknown,False
jupyterlab/jupyterlab,,github/codeql-action/autobuild,unknown,False
jupyterlab/jupyterlab,,github/codeql-action/analyze,unknown,False
jupyterlab/jupyterlab,,jupyterlab/maintainer-tools/.github/actions/check-links,unknown,False
jupyterlab/jupyterlab,,jupyterlab/maintainer-tools/.github/actions/enforce-label,unknown,False
jupyterlab/jupyterlab,,dessant/lock-threads,unknown,False
jupyterlab/jupyterlab,,actions/github-script,unknown,False
jupyterlab/jupyterlab,,jupyterlab/benchmarks/.github/actions/memory-leak,unknown,False
jupyterlab/jupyterlab,,actions/labeler,unknown,False
jupyterlab/jupyterlab,,actions/download-artifact,unknown,False
jupyterlab/jupyterlab,,actions/stale,unknown,False
jupyterlab/jupyterlab,,github/codeql-action/init,unknown,False
jupyterlab/jupyterlab,,apache/skywalking-eyes/header,unknown,False
